STATE_CODE,STATE_CODE_EXP,SHRP_ID,CONSTRUCTION_NO,YEAR,ANNUAL_ESAL_TREND,ANNUAL_GESAL_TREND
1,Alabama,4125,1,1977,105759,116103
1,Alabama,4125,1,1981,128469,141013
1,Alabama,4125,1,1972,100928,64780
1,Alabama,4125,1,1974,108847,119474
1,Alabama,4125,1,1975,60641,66569
1,Alabama,4125,1,1978,125805,138108
1,Alabama,4125,1,1973,104299,114521
1,Alabama,4125,1,1976,99054,108763
1,Alabama,4125,1,1980,131442,144295
1,Alabama,4125,1,1979,133740,146839
1,Alabama,1021,1,1994,81070,95383
1,Alabama,4125,1,1987,206696,226909
1,Alabama,4125,1,1989,229056,251468
1,Alabama,4126,1,1989,689000,799367
1,Alabama,4125,1,1990,184000,171259
1,Alabama,4125,1,1982,131436,144292
1,Alabama,4125,1,1985,171908,188717
1,Alabama,1021,1,1989,85071,100023
1,Alabama,4125,1,1984,167086,183426
1,Alabama,1021,1,1988,86676,101915
1,Alabama,4126,1,1990,629000,793040
1,Alabama,1021,1,1986,59371,69753
1,Alabama,1021,1,1987,78592,92408
1,Alabama,1021,1,1990,68386,80407
1,Alabama,4125,1,1983,151526,166347
1,Alabama,1021,1,1985,46271,31844
1,Alabama,4125,1,1986,208955,229406
1,Alabama,4125,1,1988,236319,259454
1,Alabama,4126,1,1988,468750,546622
1,Alabama,1021,1,1993,72365,85070
1,Alabama,4125,1,1994,172375,189335
1,Alabama,4126,1,1994,708000,892518
1,Alabama,1021,1,1992,73156,86029
1,Alabama,1021,1,1991,70346,82722
1,Alabama,4125,1,1993,202000,189716
1,Alabama,4126,1,1993,711000,781553
1,Alabama,4125,1,1991,190000,175728
1,Alabama,4126,1,1991,648000,816512
1,Alabama,1021,1,1996,81988,96385
1,Alabama,4125,1,1992,196000,182068
1,Alabama,4126,1,1992,667000,843347
1,Alabama,4125,1,1998,233000,216516
1,Alabama,4126,1,1998,797000,1004654
1,Alabama,4125,1,1995,214000,197920
1,Alabama,4126,1,1995,729000,919253
1,Alabama,1021,1,1997,84479,99322
1,Alabama,1021,1,1998,86684,101922
1,Alabama,4125,1,1996,220000,204714
1,Alabama,4126,1,1996,751000,949026
1,Alabama,1021,1,1995,78077,91739
1,Alabama,4125,1,1997,227000,210469
1,Alabama,4126,1,1997,773000,974894
1,Alabama,4125,1,2002,263000,243881
1,Alabama,1021,1,2000,91976,4433
1,Alabama,4125,1,2001,255000,236293
1,Alabama,4125,1,1999,240000,222569
1,Alabama,4126,1,1999,820000,1034586
1,Alabama,4125,1,2000,248000,230427
1,Alabama,4126,1,2000,566150,715120
1,Alabama,1021,1,1999,88969,104625
1,Alabama,4125,1,2003,271000,250815
1,Alabama,4125,1,2004,279000,259323
1,Alabama,4125,1,2005,129150,121147
5,Arkansas,3048,1,1981,1185,1190
5,Arkansas,3048,1,1990,24000,21482
5,Arkansas,3048,1,1982,21000,22332
5,Arkansas,3048,1,1985,17082,16741
5,Arkansas,3048,1,1984,15416,15373
5,Arkansas,3048,1,1983,10249,9649
5,Arkansas,3048,1,1988,19698,19354
5,Arkansas,3048,1,1987,17082,16741
5,Arkansas,3048,1,1989,21637,21011
5,Arkansas,3048,1,1986,17936,17591
5,Arkansas,3048,1,1995,26192,29371
5,Arkansas,3048,1,1994,30000,33715
5,Arkansas,3048,1,1993,21000,23423
5,Arkansas,3048,1,1992,26000,26496
5,Arkansas,3048,1,1991,25000,22332
5,Arkansas,3048,1,1996,24551,26074
5,Arkansas,3048,1,1997,33310,31795
5,Arkansas,3048,1,1998,15374,13782
5,Arkansas,3048,1,2001,56000,51562
5,Arkansas,3048,1,1999,42990,38952
5,Arkansas,3048,1,2002,38000,36553
5,Arkansas,3048,1,2000,41966,38153
5,Arkansas,3048,1,2003,43559,37555
5,Arkansas,3048,1,2004,32498,24963
6,California,8151,1,1977,187639,211518
6,California,8201,1,1977,9811,5754
6,California,1253,1,1978,6000,7805
6,California,2004,1,1978,185117,224174
6,California,2647,1,1978,62546,73780
6,California,1253,1,1972,5000,6170
6,California,1253,1,1973,5000,6153
6,California,1253,1,1974,5000,6153
6,California,1253,1,1976,5000,6674
6,California,1253,1,1975,5000,6153
6,California,8151,1,1981,242367,272881
6,California,8201,1,1981,10979,6850
6,California,1253,1,1980,6000,7550
6,California,2004,1,1980,230152,278807
6,California,2647,1,1980,62718,73982
6,California,8201,1,1972,2577,1512
6,California,2004,1,1976,140976,42892
6,California,2647,1,1976,17670,21241
6,California,8151,1,1973,96261,108194
6,California,8201,1,1973,3037,1627
6,California,8151,1,1974,166484,187618
6,California,8201,1,1974,3270,1687
6,California,1253,1,1971,4238,5091
6,California,8151,1,1975,171083,192765
6,California,8201,1,1975,9344,5580
6,California,1253,1,1979,6187,7434
6,California,2004,1,1979,207535,251355
6,California,2647,1,1979,62546,73780
6,California,8151,1,1978,221212,249818
6,California,8201,1,1978,10045,5814
6,California,8151,1,1980,286380,322793
6,California,8201,1,1980,10072,5830
6,California,8151,1,1976,194610,219317
6,California,8201,1,1976,9838,5770
6,California,8201,1,1971,2328,1430
6,California,1253,1,1977,5000,7123
6,California,2004,1,1977,162976,197344
6,California,2647,1,1977,57148,67168
6,California,8151,1,1979,246506,277965
6,California,8201,1,1979,10512,6595
6,California,1253,1,1970,3884,2352
6,California,1253,1,1981,6000,8148
6,California,2004,1,1981,251938,305212
6,California,2647,1,1981,61243,72006
6,California,1253,1,1982,6000,8148
6,California,1253,1,1994,16392,19640
6,California,2004,1,1994,860539,1042086
6,California,2647,1,1994,98660,116684
6,California,1253,1,1985,10000,13942
6,California,2004,1,1985,159841,193541
6,California,2647,1,1985,67386,79366
6,California,2004,1,1982,327000,333742
6,California,2647,1,1982,61243,72006
6,California,8151,1,1989,1085824,1223992
6,California,8201,1,1989,72416,44179
6,California,1253,1,1984,9000,13200
6,California,8151,1,1986,775851,874227
6,California,8201,1,1986,29434,17951
6,California,8151,1,1988,1166735,1315367
6,California,8201,1,1988,71912,43977
6,California,8151,1,1987,820002,923899
6,California,8201,1,1987,38778,23586
6,California,2004,1,1984,136273,164962
6,California,2647,1,1984,67571,79583
6,California,1253,1,1989,18000,25422
6,California,2004,1,1989,410724,497511
6,California,8151,1,1982,273640,308563
6,California,8201,1,1982,13315,8162
6,California,8151,1,1985,808964,911459
6,California,8201,1,1985,28499,17632
6,California,8151,1,1990,1028796,1159565
6,California,1253,1,1983,6000,8520
6,California,2004,1,1983,116982,141558
6,California,2647,1,1983,60499,71535
6,California,8151,1,1984,756764,852619
6,California,8201,1,1984,16631,10079
6,California,1253,1,1986,10000,13942
6,California,2004,1,1986,172200,208530
6,California,1253,1,1988,16000,21999
6,California,2004,1,1988,256661,310954
6,California,2647,1,1988,94450,110021
6,California,1253,1,1987,16000,21939
6,California,2004,1,1987,231078,279963
6,California,2647,1,1987,78555,92172
6,California,2647,1,1989,96798,113994
6,California,1253,1,1990,18000,25422
6,California,2004,1,1990,492239,596051
6,California,2647,1,1990,54542,91064
6,California,8151,1,1983,340326,383514
6,California,8201,1,1983,14950,9234
6,California,2647,1,1986,74646,87407
6,California,8151,1,1991,1028796,1159565
6,California,8201,1,1991,29200,15607
6,California,8201,1,1993,39000,27371
6,California,8151,1,1992,739530,794655
6,California,8201,1,1992,33000,25839
6,California,8201,1,1990,31069,14169
6,California,1253,1,1991,9808,11755
6,California,1253,1,1993,15363,18395
6,California,2004,1,1993,751944,910711
6,California,2647,1,1993,80044,94295
6,California,2004,1,1991,440321,533056
6,California,2647,1,1991,60871,114545
6,California,8201,1,1994,41000,23353
6,California,1253,1,1992,6000,6852
6,California,2004,1,1992,754004,913206
6,California,2647,1,1992,50212,87308
6,California,1253,1,1995,17407,20853
6,California,2004,1,1995,807427,977645
6,California,2647,1,1995,101266,119636
6,California,1253,1,1996,18359,21999
6,California,2004,1,1996,889578,1077305
6,California,2647,1,1996,102290,120436
6,California,1253,1,1997,19294,23123
6,California,2004,1,1997,570867,691408
6,California,8201,1,1998,124000,69852
6,California,8201,1,1995,41000,23353
6,California,2647,1,1997,77438,90399
6,California,8201,1,1996,42000,23591
6,California,1253,1,1998,20564,24644
6,California,2004,1,1998,528717,640240
6,California,2647,1,1998,74832,87447
6,California,8201,1,1997,122000,68282
6,California,8201,1,2000,157000,88097
6,California,8201,1,2002,182000,101779
6,California,2647,1,1999,88235,102678
6,California,1253,1,2001,24061,28842
6,California,2647,1,2001,108000,124482
6,California,1253,1,2000,23014,27584
6,California,2004,1,2000,720372,219292
6,California,1253,1,2002,25302,30334
6,California,2647,1,2002,125000,141551
6,California,2647,1,2000,88477,102959
6,California,8201,1,2001,167000,93377
6,California,8201,1,1999,157000,87856
6,California,1253,1,1999,21550,25828
6,California,2004,1,1999,718404,870018
6,California,1253,1,2010,40292,48290
6,California,8201,1,2005,186000,104039
6,California,1253,1,2006,32270,38649
6,California,2647,1,2006,149000,143444
6,California,1253,1,2003,26963,32333
6,California,2647,1,2003,110000,124978
6,California,1253,1,2004,28376,34035
6,California,2647,1,2004,107000,122668
6,California,1253,1,2005,30040,36028
6,California,2647,1,2005,129000,131159
6,California,8201,1,2006,143000,79672
6,California,8201,1,2003,172000,96115
6,California,8201,1,2004,176000,98848
6,California,1253,1,2009,37942,45469
6,California,2647,1,2009,43260,40532
6,California,1253,3,2012,26300,31520
6,California,1253,2,2012,44980,53909
6,California,1253,1,2007,34011,40740
6,California,2647,1,2007,159000,136277
6,California,1253,3,2014,50235,60054
6,California,1253,2,2014,50235,60054
6,California,1253,2,2011,24872,29810
6,California,1253,1,2011,17666,21173
6,California,8201,1,2007,0,226
6,California,1253,1,2008,36025,43157
6,California,2647,1,2008,154000,132851
6,California,1253,2,2013,47495,56722
6,California,1253,3,2013,47495,56722
6,California,1253,3,2017,59471,71601
6,California,1253,2,2017,59471,71601
6,California,1253,2,2015,53179,63653
6,California,1253,3,2015,53179,63653
6,California,1253,3,2016,56377,67869
6,California,1253,2,2016,56377,67869
12,Florida,3996,1,1977,75931,86453
12,Florida,4099,1,1977,65455,74101
12,Florida,3995,1,1981,96050,113846
12,Florida,3996,1,1981,65959,75066
12,Florida,4099,1,1981,59218,67016
12,Florida,9054,1,1977,33941,38344
12,Florida,3996,1,1974,86056,57423
12,Florida,3995,1,1975,66277,6661
12,Florida,3996,1,1975,81902,93283
12,Florida,9054,1,1981,46501,52555
12,Florida,1060,1,1980,66433,72838
12,Florida,3995,1,1978,79362,94030
12,Florida,3996,1,1978,73153,83282
12,Florida,4099,1,1978,64492,73005
12,Florida,3995,1,1980,90530,107272
12,Florida,3996,1,1980,68757,78258
12,Florida,3995,1,1976,70671,83661
12,Florida,3996,1,1976,78782,89712
12,Florida,9054,1,1974,26316,7492
12,Florida,4099,1,1976,68131,45078
12,Florida,1060,1,1979,69164,19118
12,Florida,9054,1,1975,28517,32217
12,Florida,3995,1,1979,84162,99783
12,Florida,3996,1,1979,70544,80304
12,Florida,4099,1,1979,63072,71383
12,Florida,4099,1,1980,54439,61621
12,Florida,9054,1,1978,37077,41888
12,Florida,9054,1,1980,43148,48762
12,Florida,9054,1,1976,31750,35873
12,Florida,3995,1,1977,74920,88732
12,Florida,9054,1,1979,40015,45210
12,Florida,1060,1,1981,64076,70244
12,Florida,1060,1,1982,60791,66655
12,Florida,1060,1,1994,22557,24772
12,Florida,1060,1,1985,64667,70897
12,Florida,3995,1,1987,140050,166022
12,Florida,3996,1,1987,52943,60231
12,Florida,4097,1,1987,403537,468215
12,Florida,4099,1,1987,51615,58403
12,Florida,4103,1,1987,90797,99803
12,Florida,4105,1,1987,72540,81132
12,Florida,4107,1,1987,132345,136506
12,Florida,4108,1,1987,36288,40976
12,Florida,9054,1,1983,55071,62248
12,Florida,3995,1,1990,172134,203982
12,Florida,3996,1,1990,44515,50714
12,Florida,4097,1,1990,329712,382590
12,Florida,4099,1,1990,54290,61453
12,Florida,4103,1,1990,133199,146293
12,Florida,4105,1,1990,125000,127259
12,Florida,4107,1,1990,110599,114056
12,Florida,4108,1,1990,80231,90660
12,Florida,3995,1,1982,101934,120866
12,Florida,3996,1,1982,63641,72455
12,Florida,1060,1,1984,102293,112182
12,Florida,4099,1,1982,57823,65481
12,Florida,4103,1,1982,52330,33685
12,Florida,3995,1,1985,124074,146950
12,Florida,3996,1,1985,56867,64714
12,Florida,4099,1,1985,54290,61453
12,Florida,9054,1,1986,69693,78745
12,Florida,9054,1,1988,82881,93654
12,Florida,4103,1,1985,73310,80550
12,Florida,4105,1,1985,35095,39263
12,Florida,4107,1,1985,152504,157292
12,Florida,9054,1,1987,76311,86230
12,Florida,9054,1,1989,88717,100256
12,Florida,1060,1,1989,45344,49726
12,Florida,3995,1,1984,116919,138425
12,Florida,3996,1,1984,59219,67402
12,Florida,4099,1,1984,55405,62720
12,Florida,4103,1,1984,65587,72041
12,Florida,4105,1,1984,16422,1554
12,Florida,4107,1,1984,154789,159644
12,Florida,9054,1,1982,50027,56540
12,Florida,9054,1,1985,64554,72932
12,Florida,1060,1,1983,102014,111876
12,Florida,3995,1,1983,109270,129405
12,Florida,9054,1,1984,60031,67814
12,Florida,3996,1,1983,61032,69477
12,Florida,1060,1,1986,67733,74271
12,Florida,1060,1,1988,76673,84078
12,Florida,1060,1,1987,67733,74271
12,Florida,3995,1,1988,150247,177957
12,Florida,3996,1,1988,51127,58178
12,Florida,4097,1,1988,403643,468333
12,Florida,4099,1,1988,49761,56344
12,Florida,3995,1,1989,159282,188763
12,Florida,3996,1,1989,76248,86820
12,Florida,4099,1,1983,56630,64122
12,Florida,4103,1,1983,58426,64161
12,Florida,4107,1,1983,137762,35815
12,Florida,1060,1,1990,43610,47815
12,Florida,4097,1,1989,329015,381777
12,Florida,4099,1,1989,48476,54881
12,Florida,4103,1,1989,118172,129908
12,Florida,4105,1,1989,176000,178758
12,Florida,4107,1,1989,162056,167173
12,Florida,4108,1,1989,46702,52763
12,Florida,3995,1,1986,131794,156178
12,Florida,3996,1,1986,54892,62455
12,Florida,4097,1,1986,304932,353851
12,Florida,4099,1,1986,52750,59704
12,Florida,4103,1,1986,81267,89288
12,Florida,4105,1,1986,53202,59513
12,Florida,4107,1,1986,88717,91520
12,Florida,4108,1,1986,30244,20032
12,Florida,4103,1,1988,106074,116609
12,Florida,4105,1,1988,54000,54454
12,Florida,4107,1,1988,145232,149791
12,Florida,4108,1,1988,41984,47410
12,Florida,3995,1,1995,119205,142111
12,Florida,3996,1,1995,34956,39761
12,Florida,9054,1,1993,124282,140575
12,Florida,9054,1,1992,136657,154505
12,Florida,9054,1,1991,132400,149455
12,Florida,3995,1,1994,116621,139433
12,Florida,3996,1,1994,36000,30892
12,Florida,4097,1,1994,356601,413771
12,Florida,4103,1,1994,171360,189346
12,Florida,4107,1,1994,62000,53657
12,Florida,4108,1,1994,76197,86111
12,Florida,9054,1,1990,82070,92733
12,Florida,1060,1,1991,43037,46708
12,Florida,1060,1,1992,23966,26263
12,Florida,1060,1,1993,34715,38099
12,Florida,3995,1,1993,130000,126055
12,Florida,3996,1,1993,41866,47806
12,Florida,3995,1,1991,376914,446594
12,Florida,3996,1,1991,43913,50068
12,Florida,4097,1,1991,215657,248982
12,Florida,4099,1,1991,56933,64785
12,Florida,4103,1,1991,195000,161579
12,Florida,3995,1,1992,293053,340357
12,Florida,3996,1,1992,36000,36118
12,Florida,4097,1,1993,367522,426483
12,Florida,4103,1,1993,146135,160934
12,Florida,4105,1,1993,70980,68658
12,Florida,4107,1,1993,89000,80407
12,Florida,4108,1,1993,27167,30683
12,Florida,4105,1,1991,163000,187876
12,Florida,4107,1,1991,50399,51951
12,Florida,4108,1,1991,48866,55975
12,Florida,1060,1,1995,24375,26685
12,Florida,9054,1,1994,137755,155895
12,Florida,1060,1,1996,22000,23095
12,Florida,4097,1,1992,308000,370298
12,Florida,4099,1,1992,62934,35120
12,Florida,4103,1,1992,294000,393553
12,Florida,4105,1,1992,188000,214737
12,Florida,4107,1,1992,72000,75584
12,Florida,4108,1,1992,40981,47084
12,Florida,4097,1,1998,471540,546721
12,Florida,4103,1,1998,362649,397463
12,Florida,4107,1,1998,91557,32085
12,Florida,4097,1,1995,361814,420880
12,Florida,4103,1,1995,138587,153026
12,Florida,4107,1,1995,59000,70925
12,Florida,4108,1,1995,78537,88737
12,Florida,3995,1,1996,438406,519392
12,Florida,3996,1,1996,37489,42685
12,Florida,4097,1,1996,386430,448952
12,Florida,4103,1,1996,363870,399853
12,Florida,4107,1,1996,82035,84324
12,Florida,1060,1,1997,22780,24962
12,Florida,4108,1,1996,88912,80543
12,Florida,3995,1,1997,450308,156399
12,Florida,3996,1,1997,48822,55360
12,Florida,1060,1,1998,18892,20704
12,Florida,9054,1,1995,178000,188677
12,Florida,9054,1,1996,183000,200728
12,Florida,4097,1,1997,430795,499446
12,Florida,4103,1,1997,334964,367250
12,Florida,4107,1,1997,102039,105509
12,Florida,9054,1,1997,119880,138166
12,Florida,3996,1,1998,18060,20727
12,Florida,4097,1,2002,455359,528405
12,Florida,1060,1,2000,10654,11737
12,Florida,4097,1,1999,414000,539016
12,Florida,4103,1,1999,449392,492327
12,Florida,4097,1,2001,465550,540265
12,Florida,4097,1,2000,453555,526295
12,Florida,4103,1,2000,411230,214802
12,Florida,1060,1,2002,39343,43153
12,Florida,1060,1,2001,13049,14301
12,Florida,1060,1,1999,23042,25314
12,Florida,1060,1,2003,41282,8183
12,Florida,4097,1,2003,676000,645776
12,Florida,4097,1,2004,697000,598301
12,Florida,4097,1,2005,497302,23717
13,Georgia,4111,1,1981,38694,45199
13,Georgia,4111,1,1980,37793,7357
13,Georgia,4111,1,1987,45902,53617
13,Georgia,4111,1,1990,73876,86286
13,Georgia,4111,1,1982,40000,46715
13,Georgia,4111,1,1985,43581,50893
13,Georgia,4111,1,1984,42350,49463
13,Georgia,4111,1,1983,41044,47940
13,Georgia,4111,1,1989,33876,39571
13,Georgia,4111,1,1986,44899,52441
13,Georgia,4111,1,1988,47262,55205
13,Georgia,4111,1,1991,88520,103384
13,Georgia,4111,1,1992,22707,25737
15,Hawaii,7080,1,1977,19000,21174
15,Hawaii,7080,1,1981,24648,24381
15,Hawaii,1006,1,1980,24372,13451
15,Hawaii,7080,1,1978,21000,23707
15,Hawaii,7080,1,1976,17000,19263
15,Hawaii,7080,1,1975,18954,15729
15,Hawaii,7080,1,1980,19000,16836
15,Hawaii,7080,1,1979,20000,19660
15,Hawaii,1006,1,1981,24568,26973
15,Hawaii,1006,1,1982,26105,28652
15,Hawaii,7080,1,1988,47613,47072
15,Hawaii,7080,1,1989,138000,147945
15,Hawaii,1003,1,1984,16631,16019
15,Hawaii,1006,1,1984,22095,24257
15,Hawaii,1008,1,1984,14666,11252
15,Hawaii,7080,1,1986,47483,46943
15,Hawaii,7080,1,1987,47483,46943
15,Hawaii,1003,1,1989,25000,32247
15,Hawaii,1006,1,1989,33284,36539
15,Hawaii,1008,1,1989,15377,17626
15,Hawaii,7080,1,1982,33398,33024
15,Hawaii,7080,1,1985,45979,45482
15,Hawaii,1003,1,1988,32420,34114
15,Hawaii,1006,1,1988,33921,37238
15,Hawaii,1008,1,1988,24269,27785
15,Hawaii,1003,1,1987,32945,34698
15,Hawaii,1006,1,1987,34368,37727
15,Hawaii,7080,1,1984,42910,42464
15,Hawaii,7080,1,1990,82621,81706
15,Hawaii,1006,1,1983,15925,17482
15,Hawaii,1003,1,1986,27510,28972
15,Hawaii,1006,1,1986,32127,35264
15,Hawaii,1008,1,1986,18068,20723
15,Hawaii,1008,1,1987,18703,21453
15,Hawaii,1003,1,1990,63601,66946
15,Hawaii,1006,1,1990,31394,34463
15,Hawaii,1008,1,1990,31547,36132
15,Hawaii,1003,1,1994,53000,54815
15,Hawaii,1006,1,1994,29959,32891
15,Hawaii,1008,1,1994,15060,17261
15,Hawaii,7080,1,1983,38150,37739
15,Hawaii,1003,1,1985,22126,23311
15,Hawaii,1006,1,1985,28802,31616
15,Hawaii,1008,1,1985,18319,21011
15,Hawaii,7080,1,1993,71080,70313
15,Hawaii,1003,1,1993,49023,51496
15,Hawaii,1006,1,1993,30660,33656
15,Hawaii,1008,1,1993,22261,25507
15,Hawaii,1003,1,1991,58418,61494
15,Hawaii,7080,1,1992,74419,73609
15,Hawaii,1003,1,1992,61836,65082
15,Hawaii,1006,1,1992,27706,30414
15,Hawaii,1008,1,1992,30396,34813
15,Hawaii,1006,1,1991,26455,29039
15,Hawaii,1008,1,1991,30999,35505
15,Hawaii,7080,1,1994,65985,65254
15,Hawaii,7080,1,1991,77409,76534
15,Hawaii,1003,1,1997,26000,30476
15,Hawaii,1006,1,1997,44000,43044
15,Hawaii,1008,1,1997,25138,28815
15,Hawaii,1003,1,1998,61539,64769
15,Hawaii,1006,1,1998,36000,36152
15,Hawaii,1008,1,1998,22926,26268
15,Hawaii,7080,1,1998,92706,91575
15,Hawaii,7080,1,1995,73000,44674
15,Hawaii,1003,1,1995,48585,51195
15,Hawaii,1006,1,1995,36000,38524
15,Hawaii,1008,1,1995,28178,32207
15,Hawaii,7080,1,1996,114840,112619
15,Hawaii,1003,1,1996,60386,63575
15,Hawaii,1006,1,1996,39000,38624
15,Hawaii,1008,1,1996,24742,28250
15,Hawaii,7080,1,1997,120081,118633
15,Hawaii,1003,1,2000,62198,65487
15,Hawaii,1006,1,2000,35000,35555
15,Hawaii,1008,1,2000,43466,49779
15,Hawaii,7080,1,2002,115000,120371
15,Hawaii,7080,1,1999,153000,166137
15,Hawaii,1003,1,1999,57728,60747
15,Hawaii,1006,1,1999,29000,29637
15,Hawaii,1008,1,1999,33233,38077
15,Hawaii,7080,1,2001,213000,285217
15,Hawaii,1003,1,2002,57856,60883
15,Hawaii,7080,1,2000,184000,199481
15,Hawaii,1006,1,2002,38000,38615
15,Hawaii,1008,1,2002,19345,22188
15,Hawaii,1003,1,2001,67105,70629
15,Hawaii,1006,1,2001,40000,41866
15,Hawaii,1008,1,2001,31547,36132
15,Hawaii,1003,1,2006,70788,74514
15,Hawaii,1006,1,2006,44661,48991
15,Hawaii,1008,1,2006,39128,44793
15,Hawaii,1003,1,2003,59670,62581
15,Hawaii,1006,1,2003,34000,37068
15,Hawaii,1008,1,2003,44180,50805
15,Hawaii,1003,1,2004,70938,74762
15,Hawaii,1006,1,2004,40000,44814
15,Hawaii,1008,1,2004,37321,42887
15,Hawaii,1003,1,2005,138766,145948
15,Hawaii,1006,1,2005,33000,37330
15,Hawaii,1008,1,2005,37507,42971
15,Hawaii,7080,1,2003,55020,60228
15,Hawaii,1003,1,2007,100123,105398
15,Hawaii,1006,1,2007,37807,41469
15,Hawaii,1008,1,2007,70733,81044
15,Hawaii,1003,1,2008,80253,231
15,Hawaii,1006,1,2008,40996,123
15,Hawaii,1008,1,2008,36007,41242
15,Hawaii,1008,1,2009,32343,6090
16,Idaho,1021,1,1989,157388,160045
16,Idaho,1021,1,1988,152344,154462
16,Idaho,1021,1,1986,146467,149057
16,Idaho,1021,1,1987,146467,149057
16,Idaho,1021,1,1990,143255,150229
16,Idaho,1021,1,1994,232000,210286
16,Idaho,1021,1,1985,31332,31822
16,Idaho,1021,1,1993,285000,247891
16,Idaho,1021,1,1992,141000,111038
16,Idaho,1021,1,1991,158030,167591
16,Idaho,1021,1,1996,107000,114514
16,Idaho,1021,1,1997,142000,153180
16,Idaho,1021,1,1998,163000,161188
16,Idaho,1021,1,1995,244112,247448
16,Idaho,1021,1,2000,169000,176444
16,Idaho,1021,1,2002,190000,196409
16,Idaho,1021,1,1999,174000,178663
16,Idaho,1021,1,2001,182000,183987
16,Idaho,1021,1,2006,125210,126765
16,Idaho,1021,1,2003,201071,207363
16,Idaho,1021,1,2004,207420,210840
16,Idaho,1021,1,2005,210707,213976
17,Illinois,1003,1,1989,40000,57020
17,Illinois,1003,1,1988,40000,57176
17,Illinois,1003,1,1987,40000,57020
17,Illinois,1003,1,1986,7466,8962
17,Illinois,1003,1,1990,39000,55588
17,Illinois,1003,1,1994,53000,64673
17,Illinois,1003,1,1993,65481,76605
17,Illinois,1003,1,1991,38000,54859
17,Illinois,1003,1,1992,47000,66673
17,Illinois,1003,1,1997,82000,98618
17,Illinois,1003,1,1998,76000,86609
17,Illinois,1003,1,1995,76000,92068
17,Illinois,1003,1,1996,82000,98888
17,Illinois,1003,1,2000,89000,106642
17,Illinois,1003,1,1999,91000,99289
17,Illinois,1003,1,2002,115000,138237
17,Illinois,1003,1,2001,102000,122135
17,Illinois,1003,1,2006,168000,201489
17,Illinois,1003,1,2003,128000,152036
17,Illinois,1003,1,2004,141000,170209
17,Illinois,1003,1,2005,154000,185425
17,Illinois,1003,1,2007,121270,145255
18,Indiana,2009,1,1984,53000,61929
18,Indiana,2009,1,1999,87439,26600
18,Indiana,2009,1,1992,83664,98511
18,Indiana,2009,1,1998,122881,143314
18,Indiana,2009,1,1997,84165,98365
18,Indiana,2009,1,1996,67139,80209
18,Indiana,2009,1,1995,100474,117359
18,Indiana,2009,1,1982,48720,56906
18,Indiana,2009,1,1993,89399,105374
18,Indiana,2009,1,1981,45972,53711
18,Indiana,2009,1,1991,73391,85852
18,Indiana,2009,1,1990,73361,85815
18,Indiana,2009,1,1989,69445,81201
18,Indiana,2009,1,1988,67091,78464
18,Indiana,2009,1,1987,63481,74232
18,Indiana,2009,1,1986,54553,63804
18,Indiana,2009,1,1985,53597,62658
18,Indiana,2009,1,1983,50629,59183
18,Indiana,2009,1,1994,98700,114778
23,Maine,1012,1,1999,579222,677440
23,Maine,1012,1,1987,450045,526367
23,Maine,1012,1,1986,408669,478036
23,Maine,1012,1,1985,399412,156152
23,Maine,1012,1,1989,527140,616561
23,Maine,1012,1,2002,561114,242758
23,Maine,1012,1,2000,557444,652032
23,Maine,1012,1,1990,358207,419078
23,Maine,1012,1,1988,460563,538679
23,Maine,1012,1,1998,478022,559097
23,Maine,1012,1,1997,449377,525569
23,Maine,1012,1,1996,420395,491695
23,Maine,1012,1,1995,411658,481523
23,Maine,1012,1,1994,399412,467177
23,Maine,1012,1,1993,396627,463891
23,Maine,1012,1,1992,379224,443458
23,Maine,1012,1,1991,361781,423153
23,Maine,1012,1,2001,576006,673690
26,Michigan,1001,1,2006,5384,7013
26,Michigan,1001,1,2005,10300,13127
26,Michigan,1001,1,2004,9831,12900
26,Michigan,1001,1,2003,6826,10003
26,Michigan,1001,1,2002,9059,14497
26,Michigan,1001,1,2001,10424,14796
26,Michigan,1001,1,2000,10080,15837
26,Michigan,1001,1,1982,6826,8862
26,Michigan,1001,1,1984,6844,8887
26,Michigan,1010,1,1993,31167,31723
26,Michigan,1010,1,1982,65109,66268
26,Michigan,1010,1,1991,16151,16462
26,Michigan,1010,1,1990,15432,15738
26,Michigan,1010,1,1989,41132,41895
26,Michigan,1010,1,1988,32534,33108
26,Michigan,1010,1,1987,93374,95095
26,Michigan,1010,1,1986,91407,93095
26,Michigan,1010,1,1985,91407,93095
26,Michigan,1010,1,1995,50000,39423
26,Michigan,1010,1,1983,92816,94508
26,Michigan,1010,1,1994,34485,35414
26,Michigan,1010,1,1981,92816,94508
26,Michigan,1010,1,1980,93070,94767
26,Michigan,1010,1,1979,87301,88887
26,Michigan,1010,1,1978,87301,88887
26,Michigan,1010,1,1977,82191,83714
26,Michigan,1010,1,1976,80992,82479
26,Michigan,1010,1,1975,71693,30606
26,Michigan,1010,1,1984,93070,94767
26,Michigan,1010,1,1992,17272,17558
26,Michigan,1010,1,1998,19520,12095
26,Michigan,1010,1,1997,17527,18080
26,Michigan,1010,1,1996,35000,29560
26,Michigan,1001,1,1979,10548,14016
26,Michigan,1001,1,1985,6826,8862
26,Michigan,1001,1,1996,14000,16427
26,Michigan,1001,1,1995,14000,15468
26,Michigan,1001,1,1994,9804,13976
26,Michigan,1001,1,1993,9680,13250
26,Michigan,1001,1,1992,6844,9360
26,Michigan,1001,1,1991,8000,8717
26,Michigan,1001,1,1990,4964,7371
26,Michigan,1001,1,1989,5584,8509
26,Michigan,1001,1,1988,6222,8224
26,Michigan,1001,1,1971,1452,1968
26,Michigan,1001,1,1986,6826,8862
26,Michigan,1001,1,1999,7694,10138
26,Michigan,1001,1,1983,6826,8862
26,Michigan,1001,1,1981,6826,8862
26,Michigan,1001,1,1980,10577,14054
26,Michigan,1001,1,1978,9308,11802
26,Michigan,1001,1,1976,8089,10531
26,Michigan,1001,1,1975,8066,10502
26,Michigan,1001,1,1974,7446,10088
26,Michigan,1001,1,1973,6826,8862
26,Michigan,1001,1,1972,4978,6179
26,Michigan,1001,1,1987,6826,9174
26,Michigan,1001,1,1977,9308,11802
26,Michigan,1001,1,1997,12000,14192
26,Michigan,1001,1,1998,14000,15295
27,Minnesota,1029,1,1988,58586,62570
27,Minnesota,1029,1,1971,64127,68494
27,Minnesota,1029,1,1994,58000,63977
27,Minnesota,1029,1,1970,62065,66302
27,Minnesota,1029,1,1995,48000,62533
27,Minnesota,1029,1,1993,53000,59871
27,Minnesota,1029,1,1992,52000,62696
27,Minnesota,1029,1,1991,48454,51797
27,Minnesota,1029,1,1990,45964,49098
27,Minnesota,1029,1,1989,60718,64854
27,Minnesota,1029,1,1997,52677,25451
27,Minnesota,1029,1,1974,79920,85379
27,Minnesota,1029,1,1996,45000,49093
27,Minnesota,1029,1,1987,54359,58080
27,Minnesota,1029,1,1977,58426,62399
27,Minnesota,1029,1,1975,66269,70788
27,Minnesota,1029,1,1973,71639,76516
27,Minnesota,1029,1,1978,62065,66302
27,Minnesota,1029,1,1979,58426,62399
27,Minnesota,1029,1,1972,66451,70981
27,Minnesota,1029,1,1981,54359,58080
27,Minnesota,1029,1,1982,58426,62399
27,Minnesota,1029,1,1983,58426,62399
27,Minnesota,1029,1,1984,58586,62570
27,Minnesota,1029,1,1980,54508,58239
27,Minnesota,1029,1,1986,51341,54866
27,Minnesota,1029,1,1976,51482,55017
27,Minnesota,1029,1,1985,54359,58080
28,Mississippi,1016,1,1990,39566,44667
28,Mississippi,1016,1,1995,52000,68321
28,Mississippi,1016,1,1996,90336,101989
28,Mississippi,1016,1,1997,62000,75050
28,Mississippi,1016,1,1998,37120,44711
28,Mississippi,1016,1,1993,60320,68123
28,Mississippi,1016,1,1991,49968,56407
28,Mississippi,1016,1,1992,58300,65854
28,Mississippi,1016,1,1994,61000,68639
28,Mississippi,1016,1,1989,31000,39564
28,Mississippi,1016,1,1986,28817,5438
28,Mississippi,1016,1,1987,28817,32538
28,Mississippi,1016,1,1988,31000,43418
28,Mississippi,3083,1,1998,4621,5003
28,Mississippi,3083,1,2009,8698,9259
28,Mississippi,3083,1,1997,3657,3930
28,Mississippi,3083,1,2011,9278,9890
28,Mississippi,3083,1,2012,9351,9967
28,Mississippi,3083,1,2013,9665,10307
28,Mississippi,3083,1,2014,10074,10749
28,Mississippi,3083,1,2015,10074,10749
28,Mississippi,3083,1,2016,10197,10878
28,Mississippi,3083,1,2017,10702,11430
28,Mississippi,3083,1,2007,8603,9160
28,Mississippi,3083,1,1989,3245,3513
28,Mississippi,3083,1,1979,1471,1589
28,Mississippi,3083,1,1980,3000,2660
28,Mississippi,3083,1,1982,5000,4243
28,Mississippi,3083,1,2006,6347,6876
28,Mississippi,3083,1,1984,3931,4254
28,Mississippi,3083,1,1985,3920,4243
28,Mississippi,3083,1,1986,3920,4243
28,Mississippi,3083,1,1999,4668,5052
28,Mississippi,3083,1,1988,3254,3522
28,Mississippi,3083,1,1978,1471,266
28,Mississippi,3083,1,1990,2230,2415
28,Mississippi,3083,1,1991,3197,3463
28,Mississippi,3083,1,1992,3711,4015
28,Mississippi,3083,1,1993,3873,4193
28,Mississippi,3083,1,1994,6632,7039
28,Mississippi,3083,1,1995,4281,4640
28,Mississippi,3083,1,1996,4224,4573
28,Mississippi,3083,1,1987,3920,4243
28,Mississippi,3083,1,2008,8674,9235
28,Mississippi,3082,1,1998,128000,137551
28,Mississippi,3082,1,1989,93630,27418
28,Mississippi,3082,1,1990,70817,82171
28,Mississippi,3082,1,1991,73840,85674
28,Mississippi,3082,1,1992,107000,115225
28,Mississippi,3082,1,1993,111000,118841
28,Mississippi,3082,1,1994,114000,122460
28,Mississippi,3082,1,1995,117000,125715
28,Mississippi,3082,1,1997,115552,134105
28,Mississippi,3082,1,1999,148810,172424
28,Mississippi,3082,1,2000,141752,165712
28,Mississippi,3082,1,2001,58800,64309
28,Mississippi,3082,1,1996,121000,130117
28,Mississippi,3083,1,1983,3920,4243
28,Mississippi,3083,1,2010,9231,9840
28,Mississippi,3083,1,1981,3000,2653
28,Mississippi,3083,1,2000,4681,5066
28,Mississippi,3083,1,2001,4716,5102
28,Mississippi,3083,1,2002,5077,5494
28,Mississippi,3083,1,2003,5296,5733
28,Mississippi,3083,1,2004,5358,5798
28,Mississippi,3083,1,2005,5986,6484
29,Missouri,1005,1,2002,146872,208507
29,Missouri,1005,1,1997,87863,122370
29,Missouri,1005,1,1998,95495,127141
29,Missouri,1005,1,1999,100893,137241
29,Missouri,1005,1,2001,141474,200781
29,Missouri,1005,1,2003,149478,212016
29,Missouri,1005,1,2004,160528,227833
29,Missouri,1005,1,2005,58297,77717
29,Missouri,1005,1,2000,136262,193304
29,Missouri,1005,1,1987,62733,89247
29,Missouri,1005,1,1981,51005,72024
29,Missouri,1005,1,1984,53198,75984
29,Missouri,1005,1,1994,92889,108218
29,Missouri,1005,1,1993,83000,93685
29,Missouri,1005,1,1992,59171,80106
29,Missouri,1005,1,1991,89538,127386
29,Missouri,1005,1,1995,75391,107716
29,Missouri,1005,1,1996,89037,117267
29,Missouri,1005,1,1990,111318,158006
29,Missouri,1005,1,1988,69251,98466
29,Missouri,1005,1,1986,57893,82614
29,Missouri,1005,1,1975,37975,53577
29,Missouri,1005,1,1980,46852,66474
29,Missouri,1005,1,1979,42628,60449
29,Missouri,1005,1,1978,41511,59017
29,Missouri,1005,1,1989,74088,105084
29,Missouri,1005,1,1976,39012,55270
29,Missouri,1005,1,1985,51564,72889
29,Missouri,1005,1,1974,24990,35571
29,Missouri,1005,1,1983,54356,77354
29,Missouri,1005,1,1982,55287,78897
29,Missouri,1005,1,1977,40208,57475
30,Montana,1001,1,1990,60805,66908
30,Montana,1001,1,1983,66000,64919
30,Montana,1001,1,1985,59000,54065
30,Montana,1001,1,1986,70000,64919
30,Montana,1001,1,1987,65000,61503
30,Montana,1001,1,1989,53564,58928
30,Montana,1001,1,1982,55009,25372
30,Montana,1001,1,1991,55046,60912
30,Montana,1001,1,1992,61737,67823
30,Montana,1001,1,1993,64576,70742
30,Montana,1001,1,1994,68948,75858
30,Montana,1001,1,1995,72190,79690
30,Montana,1001,1,1996,79795,87932
30,Montana,1001,1,1997,79690,87830
30,Montana,1001,1,1998,75515,83348
30,Montana,1001,1,1999,72646,53582
30,Montana,1001,1,1988,61000,57639
30,Montana,1001,1,1984,69000,67092
34,New Jersey,1638,1,1991,313696,368920
34,New Jersey,1638,1,2007,332953,226843
34,New Jersey,1638,1,2005,363255,426896
34,New Jersey,1638,1,2003,355999,419558
34,New Jersey,1638,1,1985,231253,45447
34,New Jersey,1638,1,2002,326409,384458
34,New Jersey,1638,1,2001,343282,401793
34,New Jersey,1638,1,2000,303828,356682
34,New Jersey,1638,1,1999,247218,291504
34,New Jersey,1638,1,2004,377683,443052
34,New Jersey,1638,1,1990,274319,322602
34,New Jersey,1638,1,1989,260840,306754
34,New Jersey,1638,1,1988,219622,258293
34,New Jersey,1638,1,1998,278400,326957
34,New Jersey,1638,1,1986,157614,185396
34,New Jersey,1638,1,2006,312000,390881
34,New Jersey,1638,1,1997,265640,313028
34,New Jersey,1638,1,1996,253309,299118
34,New Jersey,1638,1,1992,354698,417175
34,New Jersey,1638,1,1993,226712,269603
34,New Jersey,1638,1,1994,234450,277957
34,New Jersey,1638,1,1995,239049,283460
34,New Jersey,1638,1,1987,186592,219434
35,New Mexico,2006,1,1992,95570,107058
35,New Mexico,2006,1,1987,59386,66517
35,New Mexico,2006,1,1984,67670,75819
35,New Mexico,2006,1,1986,89717,100548
35,New Mexico,2006,1,1988,61473,68864
35,New Mexico,2006,1,1989,76212,85386
35,New Mexico,2006,1,1990,115252,129084
35,New Mexico,2006,1,1991,86049,96384
35,New Mexico,2006,1,1993,102050,76428
35,New Mexico,2006,1,1982,68854,38891
35,New Mexico,2006,1,1983,59929,67127
35,New Mexico,2006,1,1985,74354,83303
35,New Mexico,1022,1,1995,139437,154804
35,New Mexico,1022,1,1999,23520,23280
35,New Mexico,1022,1,1998,109000,107533
35,New Mexico,1022,1,1996,95010,105310
35,New Mexico,1022,1,1986,83446,23351
35,New Mexico,1022,1,1994,192275,213478
35,New Mexico,1022,1,1993,183332,203558
35,New Mexico,1022,1,1992,91489,101584
35,New Mexico,1022,1,1991,123355,136963
35,New Mexico,1022,1,1990,119267,132434
35,New Mexico,1022,1,1989,85797,95259
35,New Mexico,1022,1,1988,43646,48444
35,New Mexico,1022,1,1987,42555,47231
35,New Mexico,1022,1,1997,183332,203558
35,New Mexico,1112,1,1989,67518,72324
35,New Mexico,1112,1,1990,4851,5206
35,New Mexico,1112,1,1988,85845,91945
35,New Mexico,1112,1,1996,14281,15231
35,New Mexico,1112,1,1987,86808,92973
35,New Mexico,1112,1,1995,13954,14912
35,New Mexico,1112,1,2003,21243,22779
35,New Mexico,1112,1,1986,130243,139469
35,New Mexico,1112,1,1991,5000,6032
35,New Mexico,1112,1,1992,6028,6460
35,New Mexico,1112,1,1993,179040,191739
35,New Mexico,1112,1,1985,120005,128544
35,New Mexico,1112,1,1997,194089,207881
35,New Mexico,1112,1,1998,158008,169553
35,New Mexico,1112,1,2004,46920,51449
35,New Mexico,1112,1,1999,156578,168069
35,New Mexico,1112,1,1984,121765,76261
35,New Mexico,1112,1,2002,18155,19248
35,New Mexico,1112,1,2001,12585,13408
35,New Mexico,1112,1,2000,78000,100882
35,New Mexico,1112,1,1994,181861,194765
37,North Carolina,1030,1,1984,49223,4437
37,North Carolina,1030,1,1985,46000,59245
37,North Carolina,1030,1,1986,48000,62530
37,North Carolina,1030,1,1987,49000,64649
37,North Carolina,1030,1,1988,51000,66676
37,North Carolina,1030,1,1989,53000,70389
37,North Carolina,1030,1,1990,56000,72667
37,North Carolina,1030,1,1991,58000,75199
37,North Carolina,1030,1,1992,60000,88936
37,North Carolina,1030,1,1993,63000,98192
37,North Carolina,1030,1,1994,65000,97223
37,North Carolina,1030,1,1995,68000,87862
37,North Carolina,1030,1,1996,70000,92857
37,North Carolina,1030,1,1997,73000,95712
37,North Carolina,1030,1,1998,76000,99259
37,North Carolina,1030,1,1999,79000,103731
37,North Carolina,1030,1,2000,76500,74855
40,Oklahoma,4165,1,2006,97627,102737
40,Oklahoma,4165,1,2007,71091,69947
40,Oklahoma,1015,1,1978,52538,41249
40,Oklahoma,1015,1,1979,53637,55898
40,Oklahoma,1015,1,1980,56565,58943
40,Oklahoma,1015,1,1981,60185,62720
40,Oklahoma,1015,1,1982,61284,63868
40,Oklahoma,1015,1,1983,62010,64623
40,Oklahoma,1015,1,1984,65093,67830
40,Oklahoma,1015,1,1985,69222,72124
40,Oklahoma,1015,1,1986,67164,69991
40,Oklahoma,1015,1,1987,62010,64623
40,Oklahoma,1015,1,1988,61451,64043
40,Oklahoma,1015,1,1989,61284,63868
40,Oklahoma,1015,1,1990,74580,77693
40,Oklahoma,1015,1,1991,58758,61269
40,Oklahoma,1015,1,1992,39305,41033
40,Oklahoma,1015,1,1993,29000,32341
40,Oklahoma,1015,1,1994,42763,44558
40,Oklahoma,1015,1,1995,40402,42113
40,Oklahoma,1015,1,1996,46123,48054
40,Oklahoma,1015,1,1997,43187,45001
40,Oklahoma,1015,1,1998,43986,45837
40,Oklahoma,1015,1,1999,50965,53108
40,Oklahoma,1015,1,2000,52257,54455
40,Oklahoma,1015,1,2001,53684,55947
40,Oklahoma,1015,1,2002,55641,57977
40,Oklahoma,1015,1,2003,61816,64459
40,Oklahoma,1015,1,2004,67571,70487
40,Oklahoma,1015,1,2005,71358,74401
40,Oklahoma,1015,1,2006,78000,76856
40,Oklahoma,1015,1,2007,79439,82835
40,Oklahoma,1015,1,2008,71659,34070
40,Oklahoma,1017,1,1981,212934,56316
40,Oklahoma,1017,1,1982,216857,227554
40,Oklahoma,1017,1,1983,222241,233201
40,Oklahoma,1017,1,1984,229112,240372
40,Oklahoma,1017,1,1985,232224,243637
40,Oklahoma,1017,1,1986,241531,253409
40,Oklahoma,1017,1,1987,251689,264064
40,Oklahoma,1017,1,1988,256504,269115
40,Oklahoma,1017,1,1989,261307,274162
40,Oklahoma,1017,1,1990,389568,408376
40,Oklahoma,1017,1,1991,363865,381781
40,Oklahoma,1017,1,1992,382594,401443
40,Oklahoma,1017,1,1993,326211,342259
40,Oklahoma,1017,1,1994,361168,378940
40,Oklahoma,1017,1,1995,84552,88723
40,Oklahoma,1017,1,1996,98227,34351
40,Oklahoma,4165,1,1984,90805,55753
40,Oklahoma,4165,1,1985,103379,108536
40,Oklahoma,4165,1,1986,103379,108536
40,Oklahoma,4165,1,1987,106452,111752
40,Oklahoma,4165,1,1988,106744,112058
40,Oklahoma,4165,1,1989,103379,108536
40,Oklahoma,4165,1,1990,101828,107772
40,Oklahoma,4165,1,1991,109803,115249
40,Oklahoma,4165,1,1992,70133,73635
40,Oklahoma,4165,1,1993,69941,73434
40,Oklahoma,4165,1,1994,69941,73434
40,Oklahoma,4165,1,1995,88461,89732
40,Oklahoma,4165,1,1996,58084,60964
40,Oklahoma,4165,1,1997,69941,73434
40,Oklahoma,4165,1,1998,69941,73434
40,Oklahoma,4165,1,1999,89341,93842
40,Oklahoma,4165,1,2000,92496,97143
40,Oklahoma,4165,1,2001,94670,99448
40,Oklahoma,4165,1,2002,91133,96133
40,Oklahoma,4165,1,2003,95196,100432
40,Oklahoma,4165,1,2004,113000,104003
40,Oklahoma,4165,1,2005,100000,108854
45,South Carolina,1008,1,1970,2994,2531
45,South Carolina,1008,1,1971,4632,4197
45,South Carolina,1008,1,1972,4817,4733
45,South Carolina,1008,1,1973,5146,5077
45,South Carolina,1008,1,1974,5318,5077
45,South Carolina,1008,1,1975,5661,5522
45,South Carolina,1008,1,1976,5849,5537
45,South Carolina,1008,1,1977,6176,6019
45,South Carolina,1008,1,1978,6519,6337
45,South Carolina,1008,1,1979,6690,6623
45,South Carolina,1008,1,1980,7053,6801
45,South Carolina,1008,1,1981,7377,7279
45,South Carolina,1008,1,1982,7720,7565
45,South Carolina,1008,1,1983,8234,7796
45,South Carolina,1008,1,1984,11697,11009
45,South Carolina,1008,1,1985,8578,8221
45,South Carolina,1008,1,1986,8406,8081
45,South Carolina,1008,1,1987,8063,7724
45,South Carolina,1008,1,1988,10493,9992
45,South Carolina,1008,1,1989,14582,13815
45,South Carolina,1008,1,1990,10636,10037
45,South Carolina,1008,1,1991,16297,15471
45,South Carolina,1008,1,1992,5880,6659
47,Tennessee,3075,1,1971,8574,5328
47,Tennessee,3075,1,1972,11211,11898
47,Tennessee,3075,1,1973,10428,11060
47,Tennessee,3075,1,1974,12406,13181
47,Tennessee,3075,1,1975,12968,13723
47,Tennessee,3075,1,1976,13432,14223
47,Tennessee,3075,1,1977,12976,13742
47,Tennessee,3075,1,1978,13396,14185
47,Tennessee,3075,1,1979,12968,13723
47,Tennessee,3075,1,1980,17304,18346
47,Tennessee,3075,1,1981,18104,19200
47,Tennessee,3075,1,1982,16837,17853
47,Tennessee,3075,1,1983,17684,18757
47,Tennessee,3075,1,1984,21905,23166
47,Tennessee,3075,1,1985,26506,28035
47,Tennessee,3075,1,1986,26506,28035
47,Tennessee,3075,1,1987,31208,32998
47,Tennessee,3075,1,1988,31293,33088
47,Tennessee,3075,1,1989,31208,32998
47,Tennessee,3075,1,1990,33814,35776
47,Tennessee,3075,1,1991,41150,43726
47,Tennessee,3075,1,1992,21429,22619
47,Tennessee,3075,1,1993,27707,29281
47,Tennessee,3075,1,1994,33062,34970
47,Tennessee,3075,1,1995,37460,39619
47,Tennessee,3075,1,1996,36421,38609
47,Tennessee,3075,1,1997,35106,37398
47,Tennessee,3075,1,1998,74000,39292
47,Tennessee,3075,1,1999,36887,39045
47,Tennessee,3075,1,2000,37837,40059
47,Tennessee,3075,1,2001,46924,49509
47,Tennessee,3075,1,2002,27652,12168
48,Texas,1049,1,1984,361344,247592
48,Texas,1049,1,1985,338760,397006
48,Texas,1049,1,1986,340008,398446
48,Texas,1049,1,1987,356707,417990
48,Texas,1049,1,1988,413000,423452
48,Texas,1049,1,1989,411000,436928
48,Texas,1049,1,1990,260066,307117
48,Texas,1049,1,1991,238000,328223
48,Texas,1049,1,1992,338382,393633
48,Texas,1049,1,1993,402194,473501
48,Texas,1049,1,1994,448000,476486
48,Texas,1049,1,1995,453000,491862
48,Texas,1049,1,1996,165330,171930
48,Texas,1060,1,1986,103046,118138
48,Texas,1060,1,1987,119902,137706
48,Texas,1060,1,1988,140818,160120
48,Texas,1060,1,1989,136328,154998
48,Texas,1060,1,1990,133000,187703
48,Texas,1060,1,1991,184234,206662
48,Texas,1060,1,1992,176000,229687
48,Texas,1060,1,1993,187245,209233
48,Texas,1060,1,1994,203670,223822
48,Texas,1060,1,1995,208324,231638
48,Texas,1060,1,1996,248422,289546
48,Texas,1060,1,1997,267000,329705
48,Texas,1060,1,1998,266000,330465
48,Texas,1060,1,1999,323000,360754
48,Texas,1060,1,2000,176900,220700
48,Texas,3559,1,1970,11210,13886
48,Texas,3559,1,1971,20000,26418
48,Texas,3559,1,1972,22000,27674
48,Texas,3559,1,1973,22000,28279
48,Texas,3559,1,1974,24000,29666
48,Texas,3559,1,1975,36000,37099
48,Texas,3559,1,1976,38000,36073
48,Texas,3559,1,1977,42000,39220
48,Texas,3559,1,1978,42000,36419
48,Texas,3559,1,1979,35274,36655
48,Texas,3559,1,1980,40362,41915
48,Texas,3559,1,1981,41752,43370
48,Texas,3559,1,1982,49000,45619
48,Texas,3559,1,1983,52000,48158
48,Texas,3559,1,1984,53000,49736
48,Texas,3559,1,1985,62000,56589
48,Texas,3559,1,1986,68000,60059
48,Texas,3559,1,1987,63357,65816
48,Texas,3559,1,1988,69006,71700
48,Texas,3559,1,1989,74000,77143
48,Texas,3559,1,1990,29594,30793
48,Texas,3559,1,1991,25236,26193
48,Texas,3559,1,1992,36344,37804
48,Texas,3559,1,1993,35274,36655
48,Texas,3559,1,1994,45870,47778
48,Texas,3559,1,1995,40979,42634
48,Texas,3559,1,1996,48876,50761
48,Texas,3559,1,1997,58436,60066
48,Texas,3559,1,1998,47570,49685
48,Texas,3559,1,1999,48187,4387
48,Texas,3609,1,1974,37945,23405
48,Texas,3609,1,1975,32219,33900
48,Texas,3609,1,1976,36099,37973
48,Texas,3609,1,1977,35109,36925
48,Texas,3609,1,1978,33452,35176
48,Texas,3609,1,1979,26459,27873
48,Texas,3609,1,1980,26165,27562
48,Texas,3609,1,1981,25729,27101
48,Texas,3609,1,1982,27630,29112
48,Texas,3609,1,1983,24353,25647
48,Texas,3609,1,1984,24786,26105
48,Texas,3609,1,1985,25138,26475
48,Texas,3609,1,1986,37000,37869
48,Texas,3609,1,1987,33000,36685
48,Texas,3609,1,1988,30000,29579
48,Texas,3609,1,1989,30000,29499
48,Texas,3609,1,1990,26000,34202
48,Texas,3609,1,1991,26287,25109
50,Vermont,1002,1,1984,13115,15596
50,Vermont,1002,1,1985,78475,93318
50,Vermont,1002,1,1986,106726,126864
50,Vermont,1002,1,1987,106726,126864
50,Vermont,1002,1,1988,85000,101070
50,Vermont,1002,1,1989,96000,107860
50,Vermont,1002,1,1990,69058,82463
50,Vermont,1002,1,1991,70628,83838
50,Vermont,1002,1,1992,75542,87632
50,Vermont,1002,1,1993,69058,75192
50,Vermont,1002,1,1994,70314,75095
50,Vermont,1002,1,1995,75000,78415
50,Vermont,1002,1,1996,79000,89222
50,Vermont,1002,1,1997,76000,84742
50,Vermont,1002,1,1998,80672,86528
50,Vermont,1002,1,1999,119282,122538
50,Vermont,1002,1,2000,123386,127885
50,Vermont,1002,1,2001,102018,116109
50,Vermont,1002,1,2002,91659,108427
50,Vermont,1002,1,2003,94798,106330
50,Vermont,1002,1,2004,88762,111313
50,Vermont,1002,1,2005,92000,126348
53,Washington,1501,1,1982,4438,2249
53,Washington,1501,1,1983,4708,4734
53,Washington,1501,1,1984,4765,4788
53,Washington,1501,1,1985,4665,4693
53,Washington,1501,1,1986,4840,4858
53,Washington,1501,1,1987,4884,4899
53,Washington,1501,1,1988,4754,4793
53,Washington,1501,1,1989,5044,5059
53,Washington,1501,1,1990,5325,5348
53,Washington,1501,1,1991,9975,10027
53,Washington,1501,1,1992,6888,6901
53,Washington,1501,1,1993,6957,6965
53,Washington,1501,1,1994,6913,6923
53,Washington,1501,1,1995,1642,1638
53,Washington,1501,1,1996,5058,5072
53,Washington,1501,1,1997,7074,7083
53,Washington,1501,1,1998,7300,7314
53,Washington,1501,1,1999,6844,6893
53,Washington,1501,1,2000,7616,2551
56,Wyoming,2018,1,1983,66529,19307
56,Wyoming,2018,1,1984,63655,73359
56,Wyoming,2018,1,1985,63481,73159
56,Wyoming,2018,1,1986,57696,66480
56,Wyoming,2018,1,1987,57101,65780
56,Wyoming,2018,1,1988,52118,60047
56,Wyoming,2018,1,1989,51976,59883
56,Wyoming,2018,1,1990,47446,54693
56,Wyoming,2018,1,1991,47673,54956
56,Wyoming,2018,1,1992,47803,55106
56,Wyoming,2018,1,1993,43304,49882
56,Wyoming,2018,1,1994,41420,19877
85,Newfoundland,1801,1,1984,84517,29547
85,Newfoundland,1801,1,1985,101255,106181
85,Newfoundland,1801,1,1986,139583,146380
85,Newfoundland,1801,1,1987,100000,88399
85,Newfoundland,1801,1,1988,52382,54947
85,Newfoundland,1801,1,1989,146456,153592
85,Newfoundland,1801,1,1990,111602,117041
85,Newfoundland,1801,1,1991,116880,122582
85,Newfoundland,1801,1,1992,118752,124544
85,Newfoundland,1801,1,1993,48089,50437
85,Newfoundland,1801,1,1994,111602,117041
85,Newfoundland,1801,1,1995,108500,113786
85,Newfoundland,1801,1,1996,105518,110653
85,Newfoundland,1801,1,1997,61816,64823
85,Newfoundland,1801,1,1998,99327,104155
85,Newfoundland,1801,1,1999,117000,106181
85,Newfoundland,1801,1,2000,120000,109249
85,Newfoundland,1801,1,2001,106616,111804
85,Newfoundland,1801,1,2002,108752,114048
85,Newfoundland,1801,1,2003,111602,117041
85,Newfoundland,1801,1,2004,114847,120442
85,Newfoundland,1801,1,2005,116880,122582
85,Newfoundland,1801,1,2006,119811,52327
85,Newfoundland,1808,1,1983,64612,22595
85,Newfoundland,1808,1,1984,67556,70678
85,Newfoundland,1808,1,1985,40504,42376
85,Newfoundland,1808,1,1986,32000,42376
85,Newfoundland,1808,1,1987,98017,102542
85,Newfoundland,1808,1,1988,89677,93815
85,Newfoundland,1808,1,1989,98017,102542
85,Newfoundland,1808,1,1990,99678,104275
85,Newfoundland,1808,1,1991,106043,110940
85,Newfoundland,1808,1,1992,62992,66055
85,Newfoundland,1808,1,1993,40489,42438
85,Newfoundland,1808,1,1994,47096,49272
85,Newfoundland,1808,1,1995,50761,53105
85,Newfoundland,1808,1,1996,41490,43147
85,Newfoundland,1808,1,1997,56801,59427
85,Newfoundland,1808,1,1998,55283,57835
85,Newfoundland,1808,1,1999,54378,56887
85,Newfoundland,1808,1,2000,54153,56651
85,Newfoundland,1808,1,2001,44000,56104
85,Newfoundland,1808,1,2002,51293,53661
85,Newfoundland,1808,1,2003,51293,53661
85,Newfoundland,1808,1,2004,50900,53250
85,Newfoundland,1808,1,2005,40000,52713
85,Newfoundland,1808,1,2006,41000,50779
85,Newfoundland,1808,1,2007,42000,50270
85,Newfoundland,1808,1,2008,43000,50015
85,Newfoundland,1808,1,2009,47096,49272
85,Newfoundland,1808,1,2010,45253,47338
85,Newfoundland,1808,1,2011,45253,47338
85,Newfoundland,1808,1,2012,44506,46565
85,Newfoundland,1808,1,2013,44384,46437
85,Newfoundland,1808,1,2014,44012,46046
85,Newfoundland,1808,1,2015,42008,43947
85,Newfoundland,1808,1,2016,41859,43788
85,Newfoundland,1808,1,2017,41373,43277
