VWS_ID,STATE_CODE,STATE_CODE_EXP,YEAR,SHRP_ID,MAX_ANN_HUM_AVG,MIN_ANN_HUM_AVG
011021,1,Alabama,1984,1021,91,46
011021,1,Alabama,1985,1021,91,49
011021,1,Alabama,1986,1021,93,47
011021,1,Alabama,1987,1021,93,44
011021,1,Alabama,1988,1021,94,45
011021,1,Alabama,1989,1021,95,50
011021,1,Alabama,1990,1021,95,43
011021,1,Alabama,1991,1021,94,49
011021,1,Alabama,1992,1021,95,48
011021,1,Alabama,1993,1021,93,45
011021,1,Alabama,1994,1021,93,49
011021,1,Alabama,1995,1021,94,48
011021,1,Alabama,1996,1021,94,50
011021,1,Alabama,1997,1021,96,50
011021,1,Alabama,1998,1021,93,49
011021,1,Alabama,1999,1021,93,47
011021,1,Alabama,2000,1021,92,42
011021,1,Alabama,2001,1021,96,50
011021,1,Alabama,2002,1021,96,51
011021,1,Alabama,2003,1021,98,55
011021,1,Alabama,2004,1021,88,47
011021,1,Alabama,2005,1021,91,46
011021,1,Alabama,2006,1021,91,40
011021,1,Alabama,2007,1021,89,40
011021,1,Alabama,2008,1021,89,43
011021,1,Alabama,2009,1021,92,49
011021,1,Alabama,2010,1021,92,41
014125,1,Alabama,1984,4125,91,46
014125,1,Alabama,1985,4125,91,49
014125,1,Alabama,1986,4125,93,47
014125,1,Alabama,1987,4125,93,44
014125,1,Alabama,1988,4125,94,45
014125,1,Alabama,1989,4125,95,50
014125,1,Alabama,1990,4125,95,43
014125,1,Alabama,1991,4125,94,49
014125,1,Alabama,1992,4125,95,48
014125,1,Alabama,1993,4125,93,45
014125,1,Alabama,1994,4125,93,49
014125,1,Alabama,1995,4125,94,48
014125,1,Alabama,1996,4125,94,50
014125,1,Alabama,1997,4125,96,50
014125,1,Alabama,1998,4125,93,49
014125,1,Alabama,1999,4125,93,47
014125,1,Alabama,2000,4125,92,42
014125,1,Alabama,2001,4125,96,50
014125,1,Alabama,2002,4125,96,51
014125,1,Alabama,2003,4125,98,55
014125,1,Alabama,2004,4125,88,47
014125,1,Alabama,2005,4125,91,46
014125,1,Alabama,2006,4125,91,40
014125,1,Alabama,2007,4125,89,40
014125,1,Alabama,2008,4125,89,43
014125,1,Alabama,2009,4125,92,49
014125,1,Alabama,2010,4125,92,41
014126,1,Alabama,1984,4126,89,48
014126,1,Alabama,1985,4126,91,52
014126,1,Alabama,1986,4126,93,48
014126,1,Alabama,1987,4126,92,45
014126,1,Alabama,1988,4126,93,45
014126,1,Alabama,1989,4126,95,53
014126,1,Alabama,1990,4126,93,46
014126,1,Alabama,1991,4126,93,50
014126,1,Alabama,1992,4126,94,51
014126,1,Alabama,1993,4126,94,48
014126,1,Alabama,1994,4126,93,52
014126,1,Alabama,1995,4126,94,50
014126,1,Alabama,1996,4126,92,51
014126,1,Alabama,1997,4126,94,52
014126,1,Alabama,1998,4126,94,51
014126,1,Alabama,1999,4126,93,47
014126,1,Alabama,2000,4126,93,47
014126,1,Alabama,2001,4126,93,50
014126,1,Alabama,2002,4126,92,51
014126,1,Alabama,2003,4126,92,51
014126,1,Alabama,2004,4126,92,52
014126,1,Alabama,2005,4126,93,49
014126,1,Alabama,2006,4126,91,43
014126,1,Alabama,2007,4126,88,41
014126,1,Alabama,2008,4126,90,44
014126,1,Alabama,2009,4126,89,49
014126,1,Alabama,2010,4126,90,44
062647,6,California,1984,2647,69,42
062647,6,California,1985,2647,73,45
062647,6,California,1986,2647,72,44
062647,6,California,1987,2647,71,41
062647,6,California,1988,2647,69,40
062647,6,California,1989,2647,73,43
062647,6,California,1990,2647,69,39
062647,6,California,1991,2647,70,40
062647,6,California,1992,2647,71,43
062647,6,California,1993,2647,70,43
062647,6,California,1994,2647,68,40
062647,6,California,1995,2647,67,42
062647,6,California,1996,2647,80,54
062647,6,California,1997,2647,86,38
062647,6,California,1998,2647,92,49
062647,6,California,1999,2647,89,42
062647,6,California,2000,2647,88,42
062647,6,California,2001,2647,84,38
062647,6,California,2002,2647,85,39
062647,6,California,2003,2647,87,41
062647,6,California,2004,2647,87,41
062647,6,California,2005,2647,85,40
062647,6,California,2006,2647,81,37
062647,6,California,2007,2647,76,29
062647,6,California,2008,2647,77,33
062647,6,California,2009,2647,81,35
062647,6,California,2010,2647,87,41
068151,6,California,2001,8151,41,19
068151,6,California,2002,8151,38,19
068151,6,California,2003,8151,48,22
068151,6,California,2004,8151,45,21
068151,6,California,2005,8151,45,18
068151,6,California,2006,8151,35,13
068151,6,California,2007,8151,35,13
068151,6,California,2008,8151,40,15
068151,6,California,2009,8151,37,13
068151,6,California,2010,8151,43,16
068201,6,California,1984,8201,72,35
068201,6,California,1985,8201,74,38
068201,6,California,1986,8201,76,38
068201,6,California,1987,8201,76,35
068201,6,California,1988,8201,76,34
068201,6,California,1989,8201,70,33
068201,6,California,1990,8201,76,33
068201,6,California,1991,8201,71,33
068201,6,California,1992,8201,69,37
068201,6,California,1993,8201,71,36
068201,6,California,1994,8201,69,34
068201,6,California,1995,8201,64,38
068201,6,California,1996,8201,79,38
068201,6,California,1997,8201,74,35
068201,6,California,1998,8201,84,43
068201,6,California,1999,8201,75,35
068201,6,California,2000,8201,76,36
068201,6,California,2001,8201,76,37
068201,6,California,2002,8201,71,33
068201,6,California,2003,8201,75,36
068201,6,California,2004,8201,69,33
068201,6,California,2005,8201,75,35
068201,6,California,2006,8201,72,33
068201,6,California,2007,8201,66,28
068201,6,California,2008,8201,65,31
068201,6,California,2009,8201,65,30
068201,6,California,2010,8201,74,35
121060,12,Florida,1984,1060,88,53
121060,12,Florida,1985,1060,88,52
121060,12,Florida,1986,1060,90,55
121060,12,Florida,1987,1060,89,53
121060,12,Florida,1988,1060,89,54
121060,12,Florida,1989,1060,88,53
121060,12,Florida,1990,1060,87,54
121060,12,Florida,1991,1060,89,56
121060,12,Florida,1992,1060,90,55
121060,12,Florida,1993,1060,88,54
121060,12,Florida,1994,1060,89,56
121060,12,Florida,1995,1060,89,56
121060,12,Florida,1996,1060,87,54
121060,12,Florida,1997,1060,90,58
121060,12,Florida,1998,1060,88,57
121060,12,Florida,1999,1060,89,56
121060,12,Florida,2000,1060,88,57
121060,12,Florida,2001,1060,90,58
121060,12,Florida,2002,1060,91,59
121060,12,Florida,2003,1060,90,57
121060,12,Florida,2004,1060,89,56
121060,12,Florida,2005,1060,91,58
121060,12,Florida,2006,1060,83,51
121060,12,Florida,2007,1060,82,51
121060,12,Florida,2008,1060,83,52
121060,12,Florida,2009,1060,87,54
121060,12,Florida,2010,1060,86,53
123995,12,Florida,1984,3995,92,59
123995,12,Florida,1985,3995,91,54
123995,12,Florida,1986,3995,91,55
123995,12,Florida,1987,3995,90,54
123995,12,Florida,1988,3995,91,56
123995,12,Florida,1989,3995,91,54
123995,12,Florida,1990,3995,90,55
123995,12,Florida,1991,3995,92,57
123995,12,Florida,1992,3995,92,55
123995,12,Florida,1993,3995,92,57
123995,12,Florida,1994,3995,94,61
123995,12,Florida,1995,3995,92,58
123995,12,Florida,1996,3995,90,58
123995,12,Florida,1997,3995,93,59
123995,12,Florida,1998,3995,89,56
123995,12,Florida,1999,3995,91,56
123995,12,Florida,2000,3995,91,56
123995,12,Florida,2001,3995,91,58
123995,12,Florida,2002,3995,92,60
123995,12,Florida,2003,3995,93,59
123995,12,Florida,2004,3995,91,57
123995,12,Florida,2005,3995,89,56
123995,12,Florida,2006,3995,88,53
123995,12,Florida,2007,3995,85,55
123995,12,Florida,2008,3995,84,54
123995,12,Florida,2009,3995,85,52
123995,12,Florida,2010,3995,86,52
123996,12,Florida,1984,3996,91,51
123996,12,Florida,1985,3996,90,50
123996,12,Florida,1986,3996,93,52
123996,12,Florida,1987,3996,93,53
123996,12,Florida,1988,3996,94,50
123996,12,Florida,1989,3996,93,50
123996,12,Florida,1990,3996,94,50
123996,12,Florida,1991,3996,95,54
123996,12,Florida,1992,3996,94,54
123996,12,Florida,1993,3996,93,52
123996,12,Florida,1994,3996,96,57
123996,12,Florida,1995,3996,94,55
123996,12,Florida,1996,3996,92,55
123996,12,Florida,1997,3996,92,58
123996,12,Florida,1998,3996,93,59
123996,12,Florida,1999,3996,92,55
123996,12,Florida,2000,3996,92,53
123996,12,Florida,2001,3996,92,55
123996,12,Florida,2002,3996,93,56
123996,12,Florida,2003,3996,91,54
123996,12,Florida,2004,3996,90,52
123996,12,Florida,2005,3996,89,52
123996,12,Florida,2006,3996,86,49
123996,12,Florida,2007,3996,85,49
123996,12,Florida,2008,3996,85,49
123996,12,Florida,2009,3996,87,52
123996,12,Florida,2010,3996,86,48
124097,12,Florida,1984,4097,96,48
124097,12,Florida,1985,4097,96,50
124097,12,Florida,1986,4097,97,47
124097,12,Florida,1987,4097,96,45
124097,12,Florida,1988,4097,96,45
124097,12,Florida,1989,4097,96,49
124097,12,Florida,1990,4097,97,45
124097,12,Florida,1991,4097,96,50
124097,12,Florida,1992,4097,96,48
124097,12,Florida,1993,4097,92,44
124097,12,Florida,1994,4097,92,49
124097,12,Florida,1995,4097,93,47
124097,12,Florida,1996,4097,95,48
124097,12,Florida,1997,4097,97,50
124097,12,Florida,1998,4097,96,49
124097,12,Florida,1999,4097,96,46
124097,12,Florida,2000,4097,96,44
124097,12,Florida,2001,4097,96,48
124097,12,Florida,2002,4097,95,48
124097,12,Florida,2003,4097,95,49
124097,12,Florida,2004,4097,94,48
124097,12,Florida,2005,4097,91,46
124097,12,Florida,2006,4097,92,42
124097,12,Florida,2007,4097,89,42
124097,12,Florida,2008,4097,91,44
124097,12,Florida,2009,4097,94,47
124097,12,Florida,2010,4097,92,42
124099,12,Florida,1984,4099,94,51
124099,12,Florida,1985,4099,93,49
124099,12,Florida,1986,4099,96,49
124099,12,Florida,1987,4099,95,50
124099,12,Florida,1988,4099,94,47
124099,12,Florida,1989,4099,95,48
124099,12,Florida,1990,4099,94,47
124099,12,Florida,1991,4099,94,51
124099,12,Florida,1992,4099,93,49
124099,12,Florida,1993,4099,92,49
124099,12,Florida,1994,4099,96,52
124099,12,Florida,1995,4099,94,53
124099,12,Florida,1996,4099,92,55
124099,12,Florida,1997,4099,92,58
124099,12,Florida,1998,4099,95,57
124099,12,Florida,1999,4099,97,54
124099,12,Florida,2000,4099,95,50
124099,12,Florida,2001,4099,95,53
124099,12,Florida,2002,4099,96,52
124099,12,Florida,2003,4099,97,58
124099,12,Florida,2004,4099,92,50
124099,12,Florida,2005,4099,90,51
124099,12,Florida,2006,4099,89,47
124099,12,Florida,2007,4099,89,46
124099,12,Florida,2008,4099,88,48
124099,12,Florida,2009,4099,90,48
124099,12,Florida,2010,4099,90,47
124103,12,Florida,1984,4103,88,53
124103,12,Florida,1985,4103,88,52
124103,12,Florida,1986,4103,90,55
124103,12,Florida,1987,4103,89,53
124103,12,Florida,1988,4103,89,54
124103,12,Florida,1989,4103,88,53
124103,12,Florida,1990,4103,87,54
124103,12,Florida,1991,4103,89,56
124103,12,Florida,1992,4103,90,55
124103,12,Florida,1993,4103,88,54
124103,12,Florida,1994,4103,89,56
124103,12,Florida,1995,4103,89,56
124103,12,Florida,1996,4103,87,54
124103,12,Florida,1997,4103,90,58
124103,12,Florida,1998,4103,88,57
124103,12,Florida,1999,4103,89,56
124103,12,Florida,2000,4103,88,57
124103,12,Florida,2001,4103,90,58
124103,12,Florida,2002,4103,91,59
124103,12,Florida,2003,4103,90,57
124103,12,Florida,2004,4103,89,56
124103,12,Florida,2005,4103,91,58
124103,12,Florida,2006,4103,83,51
124103,12,Florida,2007,4103,82,51
124103,12,Florida,2008,4103,83,52
124103,12,Florida,2009,4103,87,54
124103,12,Florida,2010,4103,86,53
124105,12,Florida,1984,4105,95,53
124105,12,Florida,1985,4105,93,51
124105,12,Florida,1986,4105,96,52
124105,12,Florida,1987,4105,96,50
124105,12,Florida,1988,4105,95,50
124105,12,Florida,1989,4105,95,50
124105,12,Florida,1990,4105,95,48
124105,12,Florida,1991,4105,95,53
124105,12,Florida,1992,4105,95,51
124105,12,Florida,1993,4105,96,52
124105,12,Florida,1994,4105,97,56
124105,12,Florida,1995,4105,97,53
124105,12,Florida,1996,4105,96,53
124105,12,Florida,1997,4105,97,55
124105,12,Florida,1998,4105,97,55
124105,12,Florida,1999,4105,97,52
124105,12,Florida,2000,4105,97,50
124105,12,Florida,2001,4105,96,51
124105,12,Florida,2002,4105,96,54
124105,12,Florida,2003,4105,97,54
124105,12,Florida,2004,4105,95,52
124105,12,Florida,2005,4105,95,52
124105,12,Florida,2006,4105,92,46
124105,12,Florida,2007,4105,95,50
124105,12,Florida,2008,4105,95,50
124105,12,Florida,2009,4105,95,51
124105,12,Florida,2010,4105,93,45
124107,12,Florida,1984,4107,90,56
124107,12,Florida,1985,4107,90,55
124107,12,Florida,1986,4107,95,55
124107,12,Florida,1987,4107,94,55
124107,12,Florida,1988,4107,93,56
124107,12,Florida,1989,4107,94,54
124107,12,Florida,1990,4107,91,54
124107,12,Florida,1991,4107,93,57
124107,12,Florida,1992,4107,93,55
124107,12,Florida,1993,4107,94,56
124107,12,Florida,1994,4107,94,59
124107,12,Florida,1995,4107,94,56
124107,12,Florida,1996,4107,93,53
124107,12,Florida,2001,4107,95,63
124107,12,Florida,2002,4107,95,59
124107,12,Florida,2003,4107,96,58
124107,12,Florida,2004,4107,93,56
124107,12,Florida,2005,4107,92,56
124107,12,Florida,2006,4107,91,51
124107,12,Florida,2007,4107,90,53
124107,12,Florida,2008,4107,93,56
124107,12,Florida,2009,4107,95,55
124107,12,Florida,2010,4107,93,53
124108,12,Florida,1984,4108,91,55
124108,12,Florida,1985,4108,92,55
124108,12,Florida,1986,4108,93,54
124108,12,Florida,1987,4108,91,50
124108,12,Florida,1988,4108,92,52
124108,12,Florida,1989,4108,93,54
124108,12,Florida,1990,4108,94,51
124108,12,Florida,1991,4108,93,55
124108,12,Florida,1992,4108,93,52
124108,12,Florida,1993,4108,94,53
124108,12,Florida,1994,4108,96,59
124108,12,Florida,1995,4108,96,58
124108,12,Florida,1997,4108,95,54
124108,12,Florida,1998,4108,94,57
124108,12,Florida,1999,4108,95,52
124108,12,Florida,2000,4108,93,50
124108,12,Florida,2001,4108,95,49
124108,12,Florida,2002,4108,97,52
124108,12,Florida,2003,4108,97,53
124108,12,Florida,2004,4108,94,51
124108,12,Florida,2005,4108,93,49
124108,12,Florida,2006,4108,92,43
124108,12,Florida,2007,4108,92,46
124108,12,Florida,2008,4108,92,47
124108,12,Florida,2009,4108,97,53
124108,12,Florida,2010,4108,96,47
129054,12,Florida,1984,9054,95,53
129054,12,Florida,1985,9054,93,51
129054,12,Florida,1986,9054,96,52
129054,12,Florida,1987,9054,96,50
129054,12,Florida,1988,9054,95,50
129054,12,Florida,1989,9054,95,50
129054,12,Florida,1990,9054,95,48
129054,12,Florida,1991,9054,95,53
129054,12,Florida,1992,9054,95,51
129054,12,Florida,1993,9054,96,52
129054,12,Florida,1994,9054,97,56
129054,12,Florida,1995,9054,97,53
129054,12,Florida,1996,9054,96,53
129054,12,Florida,1997,9054,97,55
129054,12,Florida,1998,9054,97,55
129054,12,Florida,1999,9054,97,52
129054,12,Florida,2000,9054,97,50
129054,12,Florida,2001,9054,96,51
129054,12,Florida,2002,9054,96,54
129054,12,Florida,2003,9054,97,54
129054,12,Florida,2004,9054,95,52
129054,12,Florida,2005,9054,93,52
129054,12,Florida,2006,9054,91,46
129054,12,Florida,2007,9054,95,50
129054,12,Florida,2008,9054,94,50
129054,12,Florida,2009,9054,95,52
129054,12,Florida,2010,9054,93,46
134111,13,Georgia,1984,4111,89,45
134111,13,Georgia,1985,4111,88,47
134111,13,Georgia,1986,4111,90,46
134111,13,Georgia,1987,4111,89,44
134111,13,Georgia,1988,4111,87,42
134111,13,Georgia,1989,4111,91,49
134111,13,Georgia,1990,4111,91,46
134111,13,Georgia,1991,4111,93,50
134111,13,Georgia,1992,4111,92,49
134111,13,Georgia,1993,4111,89,43
134111,13,Georgia,1994,4111,91,48
134111,13,Georgia,1995,4111,92,48
134111,13,Georgia,1996,4111,93,49
134111,13,Georgia,1997,4111,95,53
134111,13,Georgia,1998,4111,94,51
134111,13,Georgia,1999,4111,92,48
134111,13,Georgia,2000,4111,92,46
134111,13,Georgia,2001,4111,91,45
134111,13,Georgia,2002,4111,91,49
134111,13,Georgia,2003,4111,93,51
134111,13,Georgia,2004,4111,90,47
134111,13,Georgia,2005,4111,89,47
134111,13,Georgia,2006,4111,87,42
134111,13,Georgia,2007,4111,84,39
134111,13,Georgia,2008,4111,86,41
134111,13,Georgia,2009,4111,90,48
134111,13,Georgia,2010,4111,89,42
151003,15,Hawaii,1984,1003,77,51
151003,15,Hawaii,1985,1003,89,56
151003,15,Hawaii,1986,1003,88,56
151003,15,Hawaii,1987,1003,85,54
151003,15,Hawaii,1988,1003,86,54
151003,15,Hawaii,1989,1003,88,57
151003,15,Hawaii,1990,1003,91,59
151003,15,Hawaii,1991,1003,87,55
151003,15,Hawaii,1992,1003,88,55
151003,15,Hawaii,1993,1003,83,52
151003,15,Hawaii,1994,1003,85,55
151003,15,Hawaii,1995,1003,84,53
151003,15,Hawaii,1996,1003,87,57
151003,15,Hawaii,1997,1003,87,57
151003,15,Hawaii,1998,1003,87,53
151003,15,Hawaii,1999,1003,87,51
151003,15,Hawaii,2000,1003,88,54
151003,15,Hawaii,2001,1003,88,54
151003,15,Hawaii,2002,1003,91,56
151003,15,Hawaii,2003,1003,87,52
151003,15,Hawaii,2004,1003,91,57
151003,15,Hawaii,2005,1003,90,56
151003,15,Hawaii,2006,1003,85,53
151003,15,Hawaii,2007,1003,87,52
151003,15,Hawaii,2008,1003,86,51
151003,15,Hawaii,2009,1003,87,53
151003,15,Hawaii,2010,1003,83,49
151006,15,Hawaii,1984,1006,77,51
151006,15,Hawaii,1985,1006,89,56
151006,15,Hawaii,1986,1006,88,56
151006,15,Hawaii,1987,1006,85,54
151006,15,Hawaii,1988,1006,86,54
151006,15,Hawaii,1989,1006,88,57
151006,15,Hawaii,1990,1006,91,59
151006,15,Hawaii,1991,1006,87,55
151006,15,Hawaii,1992,1006,88,55
151006,15,Hawaii,1993,1006,83,52
151006,15,Hawaii,1994,1006,85,55
151006,15,Hawaii,1995,1006,84,53
151006,15,Hawaii,1996,1006,87,57
151006,15,Hawaii,1997,1006,87,57
151006,15,Hawaii,1998,1006,87,53
151006,15,Hawaii,1999,1006,87,51
151006,15,Hawaii,2000,1006,88,54
151006,15,Hawaii,2001,1006,88,54
151006,15,Hawaii,2002,1006,91,56
151006,15,Hawaii,2003,1006,87,52
151006,15,Hawaii,2004,1006,91,57
151006,15,Hawaii,2005,1006,90,56
151006,15,Hawaii,2006,1006,85,53
151006,15,Hawaii,2007,1006,87,52
151006,15,Hawaii,2008,1006,86,51
151006,15,Hawaii,2009,1006,87,53
151006,15,Hawaii,2010,1006,83,49
161021,16,Idaho,1999,1021,90,35
161021,16,Idaho,2000,1021,89,42
161021,16,Idaho,2001,1021,83,41
182009,18,Indiana,1948,2009,91,52
182009,18,Indiana,1949,2009,91,53
182009,18,Indiana,1950,2009,93,56
182009,18,Indiana,1951,2009,92,55
182009,18,Indiana,1952,2009,90,52
182009,18,Indiana,1953,2009,88,46
182009,18,Indiana,1954,2009,89,49
182009,18,Indiana,1955,2009,89,50
182009,18,Indiana,1956,2009,89,49
182009,18,Indiana,1957,2009,91,54
182009,18,Indiana,1958,2009,92,55
182009,18,Indiana,1959,2009,89,53
182009,18,Indiana,1960,2009,90,54
182009,18,Indiana,1961,2009,93,57
182009,18,Indiana,1962,2009,90,55
182009,18,Indiana,1963,2009,89,51
182009,18,Indiana,1964,2009,88,51
182009,18,Indiana,1969,2009,0,0
182009,18,Indiana,1973,2009,0,0
182009,18,Indiana,1984,2009,89,55
182009,18,Indiana,1985,2009,89,54
182009,18,Indiana,1986,2009,92,55
182009,18,Indiana,1987,2009,90,50
182009,18,Indiana,1988,2009,87,45
182009,18,Indiana,1989,2009,91,54
182009,18,Indiana,1990,2009,92,53
182009,18,Indiana,1991,2009,91,53
182009,18,Indiana,1992,2009,93,56
182009,18,Indiana,1993,2009,92,57
182009,18,Indiana,1994,2009,88,50
182009,18,Indiana,1995,2009,91,51
182009,18,Indiana,1996,2009,91,55
182009,18,Indiana,1997,2009,93,54
182009,18,Indiana,1998,2009,91,55
182009,18,Indiana,1999,2009,89,50
182009,18,Indiana,2000,2009,91,55
182009,18,Indiana,2001,2009,90,53
182009,18,Indiana,2002,2009,93,55
182009,18,Indiana,2003,2009,91,55
182009,18,Indiana,2004,2009,91,54
182009,18,Indiana,2005,2009,89,52
182009,18,Indiana,2006,2009,89,52
182009,18,Indiana,2007,2009,84,47
182009,18,Indiana,2008,2009,85,49
182009,18,Indiana,2009,2009,84,50
182009,18,Indiana,2010,2009,85,49
231012,23,Maine,1951,1012,95,57
231012,23,Maine,1952,1012,94,53
231012,23,Maine,1953,1012,94,54
231012,23,Maine,1954,1012,94,56
231012,23,Maine,1955,1012,92,54
231012,23,Maine,1956,1012,92,50
231012,23,Maine,1957,1012,92,51
231012,23,Maine,1958,1012,94,55
231012,23,Maine,1959,1012,94,55
231012,23,Maine,1960,1012,90,52
231012,23,Maine,1961,1012,87,52
231012,23,Maine,1962,1012,88,50
231012,23,Maine,1963,1012,89,49
231012,23,Maine,1964,1012,89,50
231012,23,Maine,1969,1012,0,0
231012,23,Maine,1984,1012,86,50
231012,23,Maine,1985,1012,85,46
231012,23,Maine,1986,1012,89,51
231012,23,Maine,1987,1012,85,47
231012,23,Maine,1988,1012,87,48
231012,23,Maine,1989,1012,89,49
231012,23,Maine,1990,1012,88,50
231012,23,Maine,1991,1012,88,47
231012,23,Maine,1992,1012,84,47
231012,23,Maine,1993,1012,85,48
231012,23,Maine,1994,1012,83,46
231012,23,Maine,1995,1012,86,50
231012,23,Maine,1996,1012,88,50
231012,23,Maine,1997,1012,91,48
231012,23,Maine,1998,1012,93,53
231012,23,Maine,1999,1012,90,48
231012,23,Maine,2000,1012,92,52
231012,23,Maine,2001,1012,92,50
231012,23,Maine,2002,1012,92,50
231012,23,Maine,2003,1012,89,51
231012,23,Maine,2004,1012,88,52
231012,23,Maine,2005,1012,89,54
231012,23,Maine,2006,1012,89,54
231012,23,Maine,2007,1012,88,51
231012,23,Maine,2008,1012,88,52
231012,23,Maine,2009,1012,89,53
231012,23,Maine,2010,1012,88,51
261001,26,Michigan,1984,1001,90,54
261001,26,Michigan,1985,1001,90,54
261001,26,Michigan,1986,1001,90,56
261001,26,Michigan,1987,1001,89,52
261001,26,Michigan,1988,1001,89,52
261001,26,Michigan,1989,1001,90,52
261001,26,Michigan,1990,1001,90,54
261001,26,Michigan,1991,1001,90,54
261001,26,Michigan,1992,1001,91,55
261001,26,Michigan,1993,1001,92,55
261001,26,Michigan,1994,1001,89,52
261001,26,Michigan,1995,1001,89,54
261001,26,Michigan,1996,1001,93,55
261001,26,Michigan,1997,1001,95,52
261001,26,Michigan,1998,1001,95,54
261001,26,Michigan,1999,1001,95,53
261001,26,Michigan,2000,1001,94,55
261001,26,Michigan,2001,1001,93,54
261001,26,Michigan,2002,1001,94,53
261001,26,Michigan,2003,1001,95,53
261001,26,Michigan,2004,1001,94,54
261001,26,Michigan,2005,1001,93,53
261001,26,Michigan,2006,1001,92,53
261001,26,Michigan,2007,1001,91,51
261001,26,Michigan,2008,1001,92,54
261001,26,Michigan,2009,1001,94,54
261001,26,Michigan,2010,1001,92,52
261010,26,Michigan,1962,1010,93,53
261010,26,Michigan,1963,1010,91,50
261010,26,Michigan,1964,1010,86,51
261010,26,Michigan,1968,1010,0,0
261010,26,Michigan,1984,1010,90,54
261010,26,Michigan,1985,1010,92,56
261010,26,Michigan,1986,1010,92,56
261010,26,Michigan,1987,1010,93,54
261010,26,Michigan,1988,1010,89,49
261010,26,Michigan,1989,1010,91,53
261010,26,Michigan,1990,1010,90,53
261010,26,Michigan,1991,1010,90,52
261010,26,Michigan,1992,1010,92,55
261010,26,Michigan,1993,1010,92,55
261010,26,Michigan,1994,1010,92,52
261010,26,Michigan,1995,1010,92,54
261010,26,Michigan,1996,1010,91,54
261010,26,Michigan,1997,1010,95,58
261010,26,Michigan,1998,1010,94,56
261010,26,Michigan,1999,1010,93,51
261010,26,Michigan,2000,1010,95,57
261010,26,Michigan,2001,1010,95,56
261010,26,Michigan,2002,1010,95,55
261010,26,Michigan,2003,1010,94,53
261010,26,Michigan,2004,1010,94,57
261010,26,Michigan,2005,1010,91,52
261010,26,Michigan,2006,1010,90,53
261010,26,Michigan,2007,1010,86,48
261010,26,Michigan,2008,1010,84,49
261010,26,Michigan,2009,1010,90,53
261010,26,Michigan,2010,1010,88,51
281016,28,Mississippi,1999,1016,94,47
281016,28,Mississippi,2000,1016,92,47
281016,28,Mississippi,2001,1016,95,52
281016,28,Mississippi,2002,1016,95,54
281016,28,Mississippi,2003,1016,96,53
281016,28,Mississippi,2004,1016,95,53
281016,28,Mississippi,2005,1016,92,46
281016,28,Mississippi,2006,1016,91,44
281016,28,Mississippi,2007,1016,90,46
281016,28,Mississippi,2008,1016,92,47
281016,28,Mississippi,2009,1016,90,49
281016,28,Mississippi,2010,1016,94,43
283082,28,Mississippi,1999,3082,94,47
283082,28,Mississippi,2000,3082,92,47
283082,28,Mississippi,2001,3082,95,52
283082,28,Mississippi,2002,3082,95,54
283082,28,Mississippi,2003,3082,96,53
283082,28,Mississippi,2004,3082,95,53
283082,28,Mississippi,2005,3082,92,46
283082,28,Mississippi,2006,3082,91,44
283082,28,Mississippi,2007,3082,90,46
283082,28,Mississippi,2008,3082,92,47
283082,28,Mississippi,2009,3082,90,49
283082,28,Mississippi,2010,3082,94,43
283083,28,Mississippi,1962,3083,89,50
283083,28,Mississippi,1963,3083,90,48
283083,28,Mississippi,1964,3083,91,50
283083,28,Mississippi,1971,3083,0,0
283083,28,Mississippi,1984,3083,88,52
283083,28,Mississippi,1985,3083,88,52
283083,28,Mississippi,1986,3083,88,49
283083,28,Mississippi,1987,3083,86,46
283083,28,Mississippi,1988,3083,85,44
283083,28,Mississippi,1989,3083,89,50
283083,28,Mississippi,1990,3083,88,48
283083,28,Mississippi,1991,3083,88,50
283083,28,Mississippi,1992,3083,89,49
283083,28,Mississippi,1993,3083,88,49
283083,28,Mississippi,1994,3083,87,49
283083,28,Mississippi,1995,3083,88,48
283083,28,Mississippi,1996,3083,88,51
283083,28,Mississippi,1997,3083,89,51
283083,28,Mississippi,1998,3083,90,52
283083,28,Mississippi,1999,3083,86,46
283083,28,Mississippi,2000,3083,85,46
283083,28,Mississippi,2001,3083,85,47
283083,28,Mississippi,2002,3083,88,51
283083,28,Mississippi,2003,3083,88,51
283083,28,Mississippi,2004,3083,84,48
283083,28,Mississippi,2005,3083,79,42
283083,28,Mississippi,2006,3083,84,43
283083,28,Mississippi,2007,3083,82,43
283083,28,Mississippi,2008,3083,84,46
283083,28,Mississippi,2009,3083,85,49
283083,28,Mississippi,2010,3083,83,43
291005,29,Missouri,1984,1005,90,53
291005,29,Missouri,1985,1005,92,56
291005,29,Missouri,1986,1005,91,52
291005,29,Missouri,1987,1005,91,50
291005,29,Missouri,1988,1005,87,44
291005,29,Missouri,1989,1005,90,50
291005,29,Missouri,1990,1005,90,50
291005,29,Missouri,1991,1005,88,50
291005,29,Missouri,1992,1005,91,52
291005,29,Missouri,1993,1005,95,58
291005,29,Missouri,1994,1005,93,52
291005,29,Missouri,1995,1005,92,52
291005,29,Missouri,1996,1005,90,53
291005,29,Missouri,1997,1005,93,54
291005,29,Missouri,1998,1005,92,57
291005,29,Missouri,1999,1005,90,51
291005,29,Missouri,2000,1005,90,52
291005,29,Missouri,2001,1005,91,53
291005,29,Missouri,2002,1005,93,53
291005,29,Missouri,2003,1005,91,52
291005,29,Missouri,2004,1005,92,56
291005,29,Missouri,2005,1005,87,49
291005,29,Missouri,2006,1005,86,44
291005,29,Missouri,2007,1005,86,47
291005,29,Missouri,2008,1005,90,52
291005,29,Missouri,2009,1005,90,51
291005,29,Missouri,2010,1005,91,53
301001,30,Montana,1948,1001,75,35
301001,30,Montana,1949,1001,74,36
301001,30,Montana,1950,1001,78,38
301001,30,Montana,1951,1001,80,41
301001,30,Montana,1952,1001,75,36
301001,30,Montana,1953,1001,74,35
301001,30,Montana,1954,1001,75,36
301001,30,Montana,1955,1001,76,39
301001,30,Montana,1956,1001,73,34
301001,30,Montana,1957,1001,77,37
301001,30,Montana,1958,1001,74,35
301001,30,Montana,1959,1001,75,35
301001,30,Montana,1960,1001,70,31
301001,30,Montana,1961,1001,75,34
301001,30,Montana,1962,1001,77,37
301001,30,Montana,1963,1001,73,33
301001,30,Montana,1964,1001,74,37
301001,30,Montana,1984,1001,76,37
301001,30,Montana,1985,1001,79,42
301001,30,Montana,1986,1001,78,38
301001,30,Montana,1987,1001,75,32
301001,30,Montana,1988,1001,74,34
301001,30,Montana,1989,1001,84,43
301001,30,Montana,1990,1001,77,34
301001,30,Montana,1991,1001,79,36
301001,30,Montana,1992,1001,78,35
301001,30,Montana,1993,1001,84,45
301001,30,Montana,1994,1001,79,37
301001,30,Montana,1995,1001,84,40
301001,30,Montana,1996,1001,82,41
301001,30,Montana,1997,1001,84,39
301001,30,Montana,1998,1001,84,40
301001,30,Montana,1999,1001,80,35
301001,30,Montana,2000,1001,80,38
301001,30,Montana,2001,1001,75,34
301001,30,Montana,2002,1001,82,39
301001,30,Montana,2003,1001,78,36
301001,30,Montana,2004,1001,81,37
301001,30,Montana,2005,1001,80,37
301001,30,Montana,2006,1001,76,35
301001,30,Montana,2007,1001,76,32
301001,30,Montana,2008,1001,78,35
301001,30,Montana,2009,1001,78,36
301001,30,Montana,2010,1001,82,40
341638,34,New Jersey,1961,1638,86,51
341638,34,New Jersey,1962,1638,85,47
341638,34,New Jersey,1963,1638,87,46
341638,34,New Jersey,1964,1638,87,46
341638,34,New Jersey,1971,1638,0,0
341638,34,New Jersey,1973,1638,0,0
341638,34,New Jersey,1984,1638,85,49
341638,34,New Jersey,1985,1638,86,47
341638,34,New Jersey,1986,1638,88,47
341638,34,New Jersey,1987,1638,88,47
341638,34,New Jersey,1988,1638,88,46
341638,34,New Jersey,1989,1638,88,50
341638,34,New Jersey,1990,1638,91,51
341638,34,New Jersey,1991,1638,86,45
341638,34,New Jersey,1992,1638,85,46
341638,34,New Jersey,1993,1638,84,45
341638,34,New Jersey,1994,1638,86,45
341638,34,New Jersey,1995,1638,89,49
341638,34,New Jersey,1996,1638,89,52
341638,34,New Jersey,1997,1638,87,45
341638,34,New Jersey,1998,1638,88,49
341638,34,New Jersey,1999,1638,89,49
341638,34,New Jersey,2000,1638,89,51
341638,34,New Jersey,2001,1638,86,45
341638,34,New Jersey,2002,1638,86,46
341638,34,New Jersey,2003,1638,90,52
341638,34,New Jersey,2004,1638,85,47
341638,34,New Jersey,2005,1638,83,44
341638,34,New Jersey,2006,1638,80,42
341638,34,New Jersey,2007,1638,83,43
341638,34,New Jersey,2008,1638,82,43
341638,34,New Jersey,2009,1638,84,46
341638,34,New Jersey,2010,1638,80,42
351112,35,New Mexico,2000,1112,76,32
351112,35,New Mexico,2001,1112,71,25
351112,35,New Mexico,2002,1112,70,26
351112,35,New Mexico,2003,1112,68,24
351112,35,New Mexico,2004,1112,80,31
351112,35,New Mexico,2005,1112,75,26
351112,35,New Mexico,2006,1112,67,22
351112,35,New Mexico,2007,1112,80,29
351112,35,New Mexico,2008,1112,67,21
351112,35,New Mexico,2009,1112,67,23
351112,35,New Mexico,2010,1112,76,27
371030,37,North Carolina,1972,1030,0,0
371030,37,North Carolina,1984,1030,83,49
371030,37,North Carolina,1985,1030,84,48
371030,37,North Carolina,1986,1030,89,51
371030,37,North Carolina,1987,1030,89,50
371030,37,North Carolina,1988,1030,89,47
371030,37,North Carolina,1989,1030,90,52
371030,37,North Carolina,1990,1030,90,49
371030,37,North Carolina,1991,1030,91,50
371030,37,North Carolina,1992,1030,90,52
371030,37,North Carolina,1993,1030,89,49
371030,37,North Carolina,1994,1030,88,48
371030,37,North Carolina,1995,1030,86,47
371030,37,North Carolina,1996,1030,91,56
371030,37,North Carolina,1997,1030,92,54
371030,37,North Carolina,1998,1030,92,56
371030,37,North Carolina,1999,1030,90,54
371030,37,North Carolina,2000,1030,91,54
371030,37,North Carolina,2001,1030,90,51
371030,37,North Carolina,2002,1030,89,51
371030,37,North Carolina,2003,1030,89,55
371030,37,North Carolina,2004,1030,91,56
371030,37,North Carolina,2005,1030,93,56
371030,37,North Carolina,2006,1030,86,48
371030,37,North Carolina,2007,1030,87,48
371030,37,North Carolina,2008,1030,88,49
371030,37,North Carolina,2009,1030,89,53
371030,37,North Carolina,2010,1030,85,46
401015,40,Oklahoma,1959,1015,91,49
401015,40,Oklahoma,1960,1015,89,48
401015,40,Oklahoma,1961,1015,86,46
401015,40,Oklahoma,1962,1015,87,47
401015,40,Oklahoma,1963,1015,84,40
401015,40,Oklahoma,1964,1015,84,41
401015,40,Oklahoma,1984,1015,79,42
401015,40,Oklahoma,1985,1015,84,48
401015,40,Oklahoma,1986,1015,86,46
401015,40,Oklahoma,1987,1015,87,46
401015,40,Oklahoma,1988,1015,84,41
401015,40,Oklahoma,1989,1015,85,43
401015,40,Oklahoma,1990,1015,84,43
401015,40,Oklahoma,1991,1015,87,45
401015,40,Oklahoma,1992,1015,90,49
401015,40,Oklahoma,1993,1015,90,49
401015,40,Oklahoma,1994,1015,91,46
401015,40,Oklahoma,1995,1015,89,47
401015,40,Oklahoma,1996,1015,87,45
401015,40,Oklahoma,1997,1015,91,49
401015,40,Oklahoma,1998,1015,87,47
401015,40,Oklahoma,1999,1015,87,45
401015,40,Oklahoma,2000,1015,87,48
401015,40,Oklahoma,2001,1015,91,50
401015,40,Oklahoma,2002,1015,91,50
401015,40,Oklahoma,2003,1015,89,44
401015,40,Oklahoma,2004,1015,90,47
401015,40,Oklahoma,2005,1015,87,43
401015,40,Oklahoma,2006,1015,81,34
401015,40,Oklahoma,2007,1015,84,46
401015,40,Oklahoma,2008,1015,81,38
401015,40,Oklahoma,2009,1015,82,42
401015,40,Oklahoma,2010,1015,87,44
401017,40,Oklahoma,1984,1017,85,44
401017,40,Oklahoma,1985,1017,87,48
401017,40,Oklahoma,1986,1017,89,48
401017,40,Oklahoma,1987,1017,85,44
401017,40,Oklahoma,1988,1017,83,40
401017,40,Oklahoma,1989,1017,86,44
401017,40,Oklahoma,1990,1017,84,43
401017,40,Oklahoma,1991,1017,85,45
401017,40,Oklahoma,1992,1017,89,49
401017,40,Oklahoma,1993,1017,90,51
401017,40,Oklahoma,1994,1017,91,51
401017,40,Oklahoma,1995,1017,88,47
401017,40,Oklahoma,1996,1017,86,45
401017,40,Oklahoma,1997,1017,90,50
401017,40,Oklahoma,1998,1017,89,48
401017,40,Oklahoma,1999,1017,87,45
401017,40,Oklahoma,2000,1017,88,47
401017,40,Oklahoma,2001,1017,91,49
401017,40,Oklahoma,2002,1017,91,49
401017,40,Oklahoma,2003,1017,91,48
401017,40,Oklahoma,2004,1017,91,49
401017,40,Oklahoma,2005,1017,84,42
401017,40,Oklahoma,2006,1017,82,36
401017,40,Oklahoma,2007,1017,87,46
401017,40,Oklahoma,2008,1017,85,42
401017,40,Oklahoma,2009,1017,84,44
401017,40,Oklahoma,2010,1017,87,44
451008,45,South Carolina,1999,1008,91,44
451008,45,South Carolina,2000,1008,92,44
451008,45,South Carolina,2001,1008,93,46
451008,45,South Carolina,2002,1008,93,48
451008,45,South Carolina,2003,1008,94,52
451008,45,South Carolina,2004,1008,92,48
451008,45,South Carolina,2005,1008,90,45
451008,45,South Carolina,2006,1008,88,40
451008,45,South Carolina,2007,1008,85,38
451008,45,South Carolina,2008,1008,89,41
451008,45,South Carolina,2009,1008,90,46
451008,45,South Carolina,2010,1008,87,40
473075,47,Tennessee,2000,3075,92,55
473075,47,Tennessee,2001,3075,91,53
473075,47,Tennessee,2002,3075,94,54
473075,47,Tennessee,2003,3075,92,54
473075,47,Tennessee,2004,3075,91,52
473075,47,Tennessee,2005,3075,90,50
473075,47,Tennessee,2006,3075,90,47
473075,47,Tennessee,2007,3075,86,43
473075,47,Tennessee,2008,3075,88,45
473075,47,Tennessee,2009,3075,91,51
473075,47,Tennessee,2010,3075,89,49
481049,48,Texas,1984,1049,92,47
481049,48,Texas,1985,1049,91,47
481049,48,Texas,1986,1049,90,38
481049,48,Texas,1989,1049,91,43
481049,48,Texas,1990,1049,97,49
481049,48,Texas,1991,1049,96,54
481049,48,Texas,1992,1049,97,52
481049,48,Texas,1993,1049,96,52
481049,48,Texas,1994,1049,96,54
481049,48,Texas,1995,1049,96,51
481049,48,Texas,1996,1049,96,46
481049,48,Texas,2000,1049,92,48
481049,48,Texas,2001,1049,96,51
481049,48,Texas,2002,1049,98,54
481049,48,Texas,2003,1049,97,53
481049,48,Texas,2004,1049,93,53
481049,48,Texas,2005,1049,88,42
481049,48,Texas,2006,1049,89,42
481049,48,Texas,2007,1049,91,48
481049,48,Texas,2008,1049,89,43
481049,48,Texas,2009,1049,92,48
481049,48,Texas,2010,1049,92,43
481060,48,Texas,1984,1060,91,50
481060,48,Texas,1985,1060,94,54
481060,48,Texas,1986,1060,95,52
481060,48,Texas,1987,1060,95,49
481060,48,Texas,1988,1060,93,46
481060,48,Texas,1989,1060,92,49
481060,48,Texas,1990,1060,95,51
481060,48,Texas,1991,1060,96,55
481060,48,Texas,1992,1060,95,51
481060,48,Texas,1993,1060,94,50
481060,48,Texas,1994,1060,95,55
481060,48,Texas,1995,1060,95,52
481060,48,Texas,1996,1060,96,54
481060,48,Texas,1997,1060,97,55
481060,48,Texas,1998,1060,97,54
481060,48,Texas,1999,1060,97,49
481060,48,Texas,2000,1060,97,50
481060,48,Texas,2001,1060,97,54
481060,48,Texas,2002,1060,95,52
481060,48,Texas,2003,1060,98,54
481060,48,Texas,2004,1060,97,55
481060,48,Texas,2005,1060,94,48
481060,48,Texas,2006,1060,94,47
481060,48,Texas,2007,1060,96,54
481060,48,Texas,2008,1060,95,44
481060,48,Texas,2009,1060,97,46
481060,48,Texas,2010,1060,97,51
483559,48,Texas,1999,3559,95,45
483559,48,Texas,2000,3559,94,45
483559,48,Texas,2001,3559,93,49
483559,48,Texas,2002,3559,92,47
483559,48,Texas,2003,3559,92,49
483559,48,Texas,2004,3559,92,53
483559,48,Texas,2005,3559,88,43
483559,48,Texas,2006,3559,88,42
483559,48,Texas,2007,3559,90,49
483559,48,Texas,2008,3559,89,42
483559,48,Texas,2009,3559,84,41
483559,48,Texas,2010,3559,85,41
483609,48,Texas,1962,3609,84,36
483609,48,Texas,1963,3609,81,34
483609,48,Texas,1964,3609,78,32
483609,48,Texas,1972,3609,0,0
483609,48,Texas,1984,3609,79,35
483609,48,Texas,1985,3609,84,36
483609,48,Texas,1986,3609,87,40
483609,48,Texas,1987,3609,88,38
483609,48,Texas,1988,3609,81,33
483609,48,Texas,1989,3609,75,28
483609,48,Texas,1990,3609,79,30
483609,48,Texas,1991,3609,85,36
483609,48,Texas,1992,3609,88,36
483609,48,Texas,1993,3609,80,31
483609,48,Texas,1994,3609,79,29
483609,48,Texas,1995,3609,78,31
483609,48,Texas,1996,3609,72,27
483609,48,Texas,1997,3609,84,38
483609,48,Texas,1998,3609,80,32
483609,48,Texas,1999,3609,79,33
483609,48,Texas,2000,3609,78,33
483609,48,Texas,2001,3609,84,35
483609,48,Texas,2002,3609,82,34
483609,48,Texas,2003,3609,78,29
483609,48,Texas,2004,3609,87,39
483609,48,Texas,2005,3609,82,35
483609,48,Texas,2006,3609,75,26
483609,48,Texas,2007,3609,85,37
483609,48,Texas,2008,3609,77,27
483609,48,Texas,2009,3609,77,27
483609,48,Texas,2010,3609,80,32
501002,50,Vermont,1963,1002,88,50
501002,50,Vermont,1964,1002,89,49
501002,50,Vermont,1972,1002,0,0
501002,50,Vermont,1984,1002,83,48
501002,50,Vermont,1985,1002,85,48
501002,50,Vermont,1986,1002,90,51
501002,50,Vermont,1987,1002,90,50
501002,50,Vermont,1988,1002,88,47
501002,50,Vermont,1989,1002,88,48
501002,50,Vermont,1990,1002,91,51
501002,50,Vermont,1991,1002,92,49
501002,50,Vermont,1992,1002,93,51
501002,50,Vermont,1993,1002,92,50
501002,50,Vermont,1994,1002,90,49
501002,50,Vermont,1995,1002,89,48
501002,50,Vermont,1996,1002,90,50
501002,50,Vermont,1997,1002,91,48
501002,50,Vermont,1998,1002,90,53
501002,50,Vermont,1999,1002,88,46
501002,50,Vermont,2000,1002,89,52
501002,50,Vermont,2001,1002,90,50
501002,50,Vermont,2002,1002,91,50
501002,50,Vermont,2003,1002,91,50
501002,50,Vermont,2004,1002,89,51
501002,50,Vermont,2005,1002,88,50
501002,50,Vermont,2006,1002,88,51
501002,50,Vermont,2007,1002,87,47
501002,50,Vermont,2008,1002,87,49
501002,50,Vermont,2009,1002,89,49
501002,50,Vermont,2010,1002,91,51
531501,53,Washington,2000,1501,96,76
531501,53,Washington,2001,1501,80,46
531501,53,Washington,2002,1501,76,39
531501,53,Washington,2003,1501,75,41
531501,53,Washington,2004,1501,78,43
531501,53,Washington,2005,1501,75,41
531501,53,Washington,2006,1501,74,40
531501,53,Washington,2007,1501,74,39
531501,53,Washington,2008,1501,75,40
531501,53,Washington,2009,1501,74,38
531501,53,Washington,2010,1501,81,44
562018,56,Wyoming,1984,2018,84,37
562018,56,Wyoming,1985,2018,81,36
562018,56,Wyoming,1986,2018,83,36
562018,56,Wyoming,1987,2018,82,34
562018,56,Wyoming,1988,2018,74,29
562018,56,Wyoming,1989,2018,79,32
562018,56,Wyoming,1990,2018,80,31
562018,56,Wyoming,1991,2018,80,34
562018,56,Wyoming,1992,2018,78,31
562018,56,Wyoming,1993,2018,82,38
562018,56,Wyoming,1994,2018,77,30
562018,56,Wyoming,1995,2018,83,37
562018,56,Wyoming,1996,2018,84,36
562018,56,Wyoming,1997,2018,86,36
562018,56,Wyoming,1998,2018,84,39
562018,56,Wyoming,1999,2018,81,31
562018,56,Wyoming,2000,2018,82,34
562018,56,Wyoming,2001,2018,81,34
562018,56,Wyoming,2002,2018,82,33
562018,56,Wyoming,2003,2018,82,35
562018,56,Wyoming,2004,2018,83,35
562018,56,Wyoming,2005,2018,80,31
562018,56,Wyoming,2006,2018,77,30
562018,56,Wyoming,2007,2018,81,32
562018,56,Wyoming,2008,2018,80,32
562018,56,Wyoming,2009,2018,83,34
562018,56,Wyoming,2010,2018,80,34
851801,85,Newfoundland,1988,1801,97,68
851801,85,Newfoundland,1989,1801,98,69
851801,85,Newfoundland,1990,1801,95,68
851801,85,Newfoundland,1991,1801,96,70
851801,85,Newfoundland,1992,1801,95,69
851801,85,Newfoundland,1993,1801,95,69
851801,85,Newfoundland,1994,1801,95,67
851801,85,Newfoundland,1995,1801,96,71
851801,85,Newfoundland,1996,1801,95,69
851801,85,Newfoundland,1997,1801,93,69
851801,85,Newfoundland,1998,1801,94,69
851801,85,Newfoundland,1999,1801,94,67
851801,85,Newfoundland,2000,1801,84,61
851801,85,Newfoundland,2001,1801,93,69
851801,85,Newfoundland,2002,1801,84,58
851801,85,Newfoundland,2003,1801,96,68
851801,85,Newfoundland,2004,1801,96,70
851801,85,Newfoundland,2005,1801,96,72
851801,85,Newfoundland,2006,1801,97,72
851801,85,Newfoundland,2007,1801,95,68
851801,85,Newfoundland,2008,1801,87,65
851801,85,Newfoundland,2009,1801,85,61
851801,85,Newfoundland,2010,1801,95,71
851801,85,Newfoundland,2011,1801,91,68
851801,85,Newfoundland,2012,1801,94,72
851808,85,Newfoundland,1995,1808,88,60
851808,85,Newfoundland,1996,1808,90,64
851808,85,Newfoundland,1997,1808,89,64
851808,85,Newfoundland,1998,1808,89,63
851808,85,Newfoundland,1999,1808,89,63
851808,85,Newfoundland,2000,1808,91,63
851808,85,Newfoundland,2001,1808,90,63
851808,85,Newfoundland,2002,1808,91,65
851808,85,Newfoundland,2003,1808,90,63
851808,85,Newfoundland,2004,1808,90,64
851808,85,Newfoundland,2005,1808,87,60
851808,85,Newfoundland,2006,1808,92,65
851808,85,Newfoundland,2007,1808,91,65
851808,85,Newfoundland,2008,1808,87,62
851808,85,Newfoundland,2009,1808,88,63
851808,85,Newfoundland,2010,1808,92,66
851808,85,Newfoundland,2011,1808,94,68
851808,85,Newfoundland,2012,1808,93,69
